date,region,category,channel,team,revenue,cost,profit,volume,conversion_rate,customer_acquisition,churn_rate,sla_breach,backlog,customer_satisfaction
2024-01-31,North,A,Online,Team1,132483.57076505615,94036.71813746824,38446.85262758791,820,0.09092130483097055,124,0.04755493351795203,30,149,3.685726863298523
2024-01-31,North,A,Online,Team2,129308.67849414407,90210.03633909959,39098.64215504448,1108,0.1478936896513396,87,0.02004672595046086,37,70,4.302725962516031
2024-01-31,North,A,Online,Team3,130111.10913305992,85870.6186591702,44240.49047388972,1275,0.14816288631890212,64,0.04736419905302215,24,111,3.7595759168058676
2024-01-31,North,A,Retail,Team1,127861.03543198327,86579.20342174228,41281.83201024099,1304,0.08325152889039984,100,0.06081845231526678,18,88,3.5172444495078263
2024-01-31,North,A,Retail,Team2,130475.62892158568,85828.49643779943,44647.13248378625,1145,0.08683704798044688,133,0.034461527961560705,37,120,4.292995655117407
2024-01-31,North,A,Retail,Team3,133323.27171374927,96656.60376943665,36666.66794431262,834,0.14365242814551474,99,0.05975133706123892,11,55,3.7703241617286456
2024-01-31,North,B,Online,Team1,97692.67140912908,70958.36030309067,26734.31110603841,1355,0.14576492590949325,63,0.06363631975138526,24,121,4.241577166727019
2024-01-31,North,B,Online,Team2,100333.28639254312,68038.52378165875,32294.76261088437,1095,0.1391173694074706,131,0.05238152794334479,33,75,4.75483189944338
2024-01-31,North,B,Online,Team3,92450.21358891696,59578.71048581212,32871.50310310484,864,0.08109454847188358,58,0.06633468615779944,21,57,3.507178752260683
2024-01-31,North,B,Retail,Team1,103607.51231179322,74837.69688533994,28769.81542645328,1392,0.1297939366924055,82,0.056357598486860686,19,90,4.689447578206915
2024-01-31,North,B,Retail,Team2,99158.97455950457,60914.50013277155,38244.47442673302,1302,0.10176876252009635,86,0.06377637070028384,17,135,4.653376565349224
2024-01-31,North,B,Retail,Team3,105823.84322752262,70990.04566801875,34833.79755950387,1412,0.14801984667723728,180,0.06564710291701384,35,63,4.141934275273708
2024-01-31,North,C,Online,Team1,86901.27447955128,52472.107864263635,34429.16661528765,1260,0.09412034416347774,145,0.05818462467582683,29,145,4.404170912353965
2024-01-31,North,C,Online,Team2,104109.51252187612,64641.56698269963,39467.94553917649,1030,0.10872680461249408,78,0.03372788992949735,16,108,4.403220412951616
2024-01-31,North,C,Online,Team3,101465.29622822786,65378.6616632217,36086.63456500616,1445,0.11195741993380372,157,0.03119420353316215,39,111,4.201144914490346
2024-01-31,North,C,Retail,Team1,104483.15191855474,75344.47501070506,29138.676907849673,1147,0.10494084866538825,178,0.0336761097525165,39,126,4.618949758233247
2024-01-31,North,C,Retail,Team2,100025.56728321231,66278.10622695909,33747.46105625322,1476,0.12847052230231892,108,0.03939217592124532,33,101,3.972718483093082
2024-01-31,North,C,Retail,Team3,98827.06433312426,73701.99416090084,25125.070172223423,1363,0.09728132439870209,88,0.04983491035354312,26,105,3.5479530315608927
2024-01-31,South,A,Online,Team1,130301.15104970513,79186.85171119434,51114.2993385108,1024,0.12440459412909546,175,0.028693692325473384,21,139,4.781345590343781
2024-01-31,South,A,Online,Team2,142316.21056242642,90556.98468568224,51759.22587674418,1238,0.13331337307301022,172,0.03452959629664555,15,73,4.11139082477985
2024-01-31,South,A,Online,Team3,129772.98672356582,93756.41243073875,36016.57429282706,943,0.13847117469124665,173,0.05049192660444312,25,142,4.615866446257836
2024-01-31,South,A,Retail,Team1,131084.68363081172,85060.04317324226,46024.64045756946,1202,0.12978046727066125,196,0.04091995923750376,16,101,4.722680243836485
2024-01-31,South,A,Retail,Team2,132140.06420494715,95888.29859992741,36251.76560501974,1272,0.09463501345163997,91,0.035476497662909334,37,65,4.5623888602615805
2024-01-31,South,A,Retail,Team3,117651.50567466201,80388.93512026787,37262.570554394144,1371,0.09825804223812863,178,0.025586166068353955,21,118,4.670543474312329
2024-01-31,South,B,Online,Team1,92799.792761581,60540.86208011082,32258.930681470185,1007,0.1427977181966804,103,0.06679253275145743,33,124,4.716325492487232
2024-01-31,South,B,Online,Team2,105953.6362805682,76053.63642401162,29899.999856556577,903,0.12245003417617129,161,0.026088292571961928,12,74,3.5065800590000844
2024-01-31,South,B,Online,Team3,100874.16505995736,70993.6515924111,29880.51346754626,1480,0.09231476768741417,117,0.034234945249808,30,97,4.470438826653432
2024-01-31,South,B,Retail,Team1,93915.7255382038,65501.047080048156,28414.678458155642,934,0.13046579469764905,177,0.0540985162001283,21,108,3.9780305439772636
2024-01-31,South,B,Retail,Team2,95552.42785187239,71277.48483593744,24274.943015934943,1164,0.11407195070716186,57,0.05786831755983578,11,70,4.15342822103675
2024-01-31,South,B,Retail,Team3,95920.9485751728,65853.14432261305,30067.804252559756,1280,0.09366700914586312,110,0.04995160279308514,13,84,4.499120218598201
2024-01-31,South,C,Online,Team1,91083.74468917238,66721.0384072799,24362.706281892475,836,0.14498229938114077,95,0.07799928914262018,12,109,4.6089122921075685
2024-01-31,South,C,Online,Team2,98784.32769796492,63633.63699545465,35150.69070251027,960,0.10218454036093944,177,0.042361212025642955,19,144,4.597477082944205
2024-01-31,South,C,Online,Team3,103175.5627545099,67455.87517625473,35719.687578255165,1438,0.11628307566546156,179,0.03935304585431603,17,82,3.6776077308746373
2024-01-31,South,C,Retail,Team1,94598.99564979758,66818.73763679764,27780.25801299994,838,0.10055142909851453,75,0.06860680368075084,34,73,4.687212718323412
2024-01-31,South,C,Retail,Team2,102575.23843153023,73827.94080710685,28747.297624423387,1120,0.08496586418999494,193,0.023046111862363817,28,136,3.535901803435816
2024-01-31,South,C,Retail,Team3,119263.6574532736,81913.82616339493,37349.83128987867,850,0.1125918612692722,112,0.07891045329863186,31,107,4.618526003805178
2024-01-31,East,A,Online,Team1,131772.09792559833,85519.78666857892,46252.311257019406,1063,0.13389954871690274,157,0.057373428549140015,13,55,3.56718623751919
2024-01-31,East,A,Online,Team2,120598.43705773722,81971.1429482186,38627.29410951861,846,0.12896585475370356,101,0.027964725334578187,27,79,3.5533877717982385
2024-01-31,East,A,Online,Team3,123460.42850165312,87855.23063021788,35605.197871435244,1145,0.08177455203908203,166,0.02485237799703186,18,61,4.031638827738551
2024-01-31,East,A,Retail,Team1,120047.00225211318,75148.72089604138,44898.28135607179,1312,0.11096465608117731,145,0.052953599882367225,25,138,4.358256589733051
2024-01-31,East,A,Retail,Team2,131886.48132730206,91233.54331274526,40652.9380145568,1046,0.08334012893841541,193,0.029518786858549462,31,106,3.944443566731322
2024-01-31,East,A,Retail,Team3,138256.75493239745,84857.82910121728,53398.92583118017,846,0.08285101616232791,193,0.02587004963906009,25,134,4.115513302014735
2024-01-31,East,B,Online,Team1,98737.1592430342,65144.37935871499,33592.77988431921,1321,0.146440201211397,149,0.02271824058632267,19,68,4.154077136154114
2024-01-31,East,B,Online,Team2,93761.08409017575,68302.46285741137,25458.621232764373,1124,0.12787746385786986,65,0.02423412484402579,32,51,3.534464703704108
2024-01-31,East,B,Online,Team3,103235.81348393521,70852.9198241634,32382.893659771813,1489,0.12013569291703532,82,0.047495173429491,28,92,4.723904251409483
2024-01-31,East,B,Retail,Team1,100630.47413912014,66206.33820971062,34424.13592940952,1216,0.12560393403004516,92,0.03174746808735779,22,61,3.6310114017906545
2024-01-31,East,B,Retail,Team2,97567.83616973819,63208.96600763902,34358.87016209917,1401,0.1038437198624968,164,0.036911286486403995,13,107,4.405758314973395
2024-01-31,East,B,Retail,Team3,101037.9913064286,70154.86306663511,30883.128239793485,1212,0.08274304286729524,70,0.07805483309121485,13,59,4.0505122250005545
2024-01-31,East,C,Online,Team1,109352.11948907758,77612.35660766279,31739.76288141479,1347,0.10604126600549482,145,0.04044821241518107,39,145,4.615936577395916
2024-01-31,East,C,Online,Team2,108440.08516184457,72042.07342647719,36398.011735367385,1324,0.13179361323131622,148,0.026187432130155956,26,111,4.1455295478880005
2024-01-31,East,C,Online,Team3,92275.00525701501,56748.91905248146,35526.08620453355,1411,0.08075863560362088,196,0.025477200607168016,16,77,4.735080557166047
2024-01-31,East,C,Retail,Team1,95786.32451756539,71130.06941033089,24656.255107234494,1305,0.12422860485188594,166,0.025502248835508865,21,74,4.219813968049541
2024-01-31,East,C,Retail,Team2,98287.05565884677,72696.97551907717,25590.080139769605,985,0.0840291132011651,171,0.046491830082402624,32,142,3.956189516317702
2024-01-31,East,C,Retail,Team3,101246.57270810977,62525.83875343472,38720.73395467505,1387,0.12816210071225273,194,0.026067360567367415,16,95,4.411259870896856
2024-01-31,West,A,Online,Team1,127644.80847190839,78211.24914798487,49433.55932392352,1138,0.12069137920587475,158,0.04223852882401345,29,66,4.731423150599016
2024-01-31,West,A,Online,Team2,131160.2496867882,98094.77167043989,33065.478016348294,931,0.10451527726902195,68,0.06662881495564621,31,88,4.051488612021069
2024-01-31,West,A,Online,Team3,128488.37878961847,86125.64418762013,42362.73460199834,857,0.13186817026374678,110,0.0693674211126016,16,50,4.385351255225982
2024-01-31,West,A,Retail,Team1,129977.18585504852,82616.87492717283,47360.31092787569,1304,0.10624094056665928,162,0.024973479301601254,10,87,4.0672365810885225
2024-01-31,West,A,Retail,Team2,120516.26389908539,73094.33337745968,47421.930521625705,1012,0.14950753572835102,196,0.07815815213714594,27,96,4.318218229575841
2024-01-31,West,A,Retail,Team3,132995.4666291457,93676.99320970624,39318.473419439455,1214,0.14970819625205595,103,0.055058858715386017,25,136,3.5590802944438953
2024-01-31,West,B,Online,Team1,99445.34032185245,68917.59877806871,30527.741543783734,807,0.09187759327268959,139,0.043296103039392325,37,99,3.8457193024535106
2024-01-31,West,B,Online,Team2,104881.54563240551,68597.95996137103,36283.58567103448,1301,0.08226211657767553,190,0.07465563106963055,38,55,4.734739887279501
2024-01-31,West,B,Online,Team3,103709.81508264733,68732.27524258415,34977.53984006318,1041,0.1186111510780849,54,0.02158201846983512,10,114,4.124481106426261
2024-01-31,West,B,Retail,Team1,107383.29312714815,80300.46499519449,27082.82813195366,1081,0.1066623599641715,135,0.06974985324239086,26,126,3.5825653784670015
2024-01-31,West,B,Retail,Team2,101712.28459003757,72468.64108910527,29243.643500932303,1236,0.12096046726278303,102,0.07668594379294567,19,132,3.821552532266157
2024-01-31,West,B,Retail,Team3,109557.64803254715,73138.67218944302,36418.97584310413,800,0.14678357190811056,53,0.03371856833020776,26,81,3.560965408128586
2024-01-31,West,C,Online,Team1,82609.15393181721,59867.32666865495,22741.827263162268,1105,0.13965270502229782,103,0.07807842592638937,39,143,4.529363191310523
2024-01-31,West,C,Online,Team2,98658.68469025244,67925.85173968002,30732.832950572425,1102,0.10943750450655526,134,0.058361681418454533,20,100,4.674096376279614
2024-01-31,West,C,Online,Team3,101015.56773973253,69823.2915474055,31192.27619232703,1134,0.11062324454166103,101,0.05284677841394669,10,137,4.683612661924255
2024-01-31,West,C,Retail,Team1,100247.86364649702,64629.18795845259,35618.67568804443,905,0.14036545961227215,182,0.06778830654043264,19,105,4.594718839524322
2024-01-31,West,C,Retail,Team2,100640.20534279231,65628.68671707214,35011.51862572017,925,0.1243380598021708,164,0.05223580500284421,32,104,4.2601959377339
2024-01-31,West,C,Retail,Team3,97593.30825360137,64415.98230340408,33177.325950197286,1319,0.0926047090644509,181,0.040740036999431795,12,145,4.116150132341734
2024-02-29,North,A,Online,Team1,126371.36976832229,79467.79586573213,46903.57390259016,1202,0.13752534457911145,141,0.04085715286896101,31,70,4.213329901969631
2024-02-29,North,A,Online,Team2,133820.23257758922,91019.641181216,42800.59139637323,1323,0.09444336028840547,83,0.027724903897978635,35,94,3.9180575940840376
2024-02-29,North,A,Online,Team3,131091.86982856537,92179.56958768469,38912.30024088068,855,0.1411505036874744,112,0.042637157914524354,26,75,4.628791439146263
2024-02-29,North,A,Retail,Team1,126799.42170963043,77687.15918055909,49112.26252907135,1052,0.14903798971067705,96,0.04222832616748292,31,63,4.303731202989384
2024-02-29,North,A,Retail,Team2,128167.37908655728,91270.63611453044,36896.74297202684,1325,0.09034173643343588,164,0.06280097515307315,24,72,4.165180674750366
2024-02-29,North,A,Retail,Team3,120339.34971879011,81808.73845028812,38530.61126850199,1073,0.11131886567764182,164,0.03454823021808378,34,77,3.526092557111044
2024-02-29,North,B,Online,Team1,95693.68683526704,62117.1264599641,33576.56037530294,1336,0.14233690965179263,74,0.06074613914866937,12,67,3.6129963745136506
2024-02-29,North,B,Online,Team2,97728.13326943493,66510.4429164702,31217.690352964724,833,0.11904195861653061,162,0.05386751255135848,19,90,3.9386808840334933
2024-02-29,North,B,Online,Team3,102129.98637047014,65021.35948786006,37108.62688261008,1114,0.1490560674155086,170,0.03423360750415967,31,70,3.6987168809396316
2024-02-29,North,B,Retail,Team1,105198.73718948857,67000.40867789996,38198.32851158861,1315,0.13955722624853023,111,0.0683518932044686,33,104,4.595008245887636
2024-02-29,North,B,Retail,Team2,101869.83164584785,75140.13948615809,26729.69215968976,1445,0.14825470140615998,143,0.03025325524340395,28,111,4.708188785865861
2024-02-29,North,B,Retail,Team3,105539.35973621214,72137.67572976298,33401.684006449155,1191,0.11336336388884884,93,0.032304653608967546,35,117,4.053067370201342
2024-02-29,North,C,Online,Team1,92862.28781058418,57316.97422687833,35545.31358370585,889,0.13374456510099872,87,0.05487429328535673,20,149,3.9168348498073686
2024-02-29,North,C,Online,Team2,101240.4247333069,69763.00139578819,31477.423337518718,1489,0.11179875805533698,54,0.023802498228366064,21,51,3.91905999846714
2024-02-29,North,C,Online,Team3,97990.15660551807,68811.1777349823,29178.97887053578,1349,0.10882886399030879,143,0.026401955006806165,14,111,4.4697668832133335
2024-02-29,North,C,Retail,Team1,104801.2554731768,69302.73778142255,35498.517691754256,1175,0.14936506335201732,125,0.04275371509782802,10,89,4.43807551597666
2024-02-29,North,C,Retail,Team2,103659.58446109423,74627.70368950641,29031.88077158782,1090,0.0914986058551695,54,0.03414150476389999,23,75,4.6802259696012705
2024-02-29,North,C,Retail,Team3,104481.75563326244,67644.56948649372,36837.18614676871,841,0.10747115751958447,89,0.047116916077942356,17,63,4.669567678879825
2024-02-29,South,A,Online,Team1,137439.62183484837,91508.90844102301,45930.713393825354,1464,0.10487537162728772,102,0.07438832665787282,28,88,3.651967452920873
2024-02-29,South,A,Online,Team2,144942.2526293309,107398.55934109028,37543.693288240625,1190,0.1311384395766511,91,0.028356324359803238,24,78,4.1440507143251555
2024-02-29,South,A,Online,Team3,136297.90462216543,102176.25472441326,34121.64989775217,1240,0.10182054474568837,82,0.022011946084146763,31,115,4.491196291462898
2024-02-29,South,A,Retail,Team1,141815.15396978267,103739.89044778691,38075.26352199576,917,0.1374880113270409,96,0.07078713750407109,33,101,4.016473477728478
2024-02-29,South,A,Retail,Team2,131678.53369961944,83535.24335569558,48143.29034392386,1484,0.13040255755822522,144,0.05590656207231362,13,85,4.431032797152838
2024-02-29,South,A,Retail,Team3,135786.50246522427,93672.9168266963,42113.58563852798,1459,0.09271184017609979,123,0.040551455430712605,15,121,4.0506759211466274
2024-02-29,South,B,Online,Team1,107068.44287978325,78885.65836051932,28182.784519263936,1415,0.11541220752191261,160,0.06356573516374404,20,125,3.6328764634927593
2024-02-29,South,B,Online,Team2,95494.17775828457,70456.80550821341,25037.37225007116,932,0.1445749566824107,121,0.059082032659294764,26,141,3.9867659806365485
2024-02-29,South,B,Online,Team3,99862.90557811261,62708.725006290406,37154.1805718222,800,0.14089274534434898,104,0.03364373725262676,24,70,3.9930974079012134
2024-02-29,South,B,Retail,Team1,100523.05378534377,71535.9694385012,28987.084346842574,1001,0.1361997414018608,166,0.05622329190380834,12,112,4.0388559594647155
2024-02-29,South,B,Retail,Team2,95221.25012064185,70251.21113557469,24970.038985067164,1439,0.09572233760579874,157,0.07476496777274773,31,73,4.250921540319011
2024-02-29,South,B,Retail,Team3,89076.82177608949,55657.603107368835,33419.218668720656,1300,0.144039213074767,78,0.0548353010166826,31,75,3.5170227935648337
2024-02-29,South,C,Online,Team1,97914.03914727304,72863.76499156178,25050.27415571126,1488,0.11901137582230335,135,0.025120980084718633,38,98,3.88947468529642
2024-02-29,South,C,Online,Team2,105583.34654324061,68258.6346098592,37324.711933381404,1014,0.10987522337357246,111,0.03230837842892043,38,98,3.5475145682025233
2024-02-29,South,C,Online,Team3,115849.63419845168,70651.6287952889,45198.00540316278,1389,0.12998414398528796,162,0.04404578365251956,15,100,3.7018123197099264
2024-02-29,South,C,Retail,Team1,97464.47772699989,61138.416169585595,36326.061557414294,854,0.1462280823493543,81,0.03633811128321797,28,83,4.031354422427525
2024-02-29,South,C,Retail,Team2,107678.3919657373,65044.683114666004,42633.7088510713,1242,0.11538555153742236,121,0.02624651491907443,24,116,4.653698627267554
2024-02-29,South,C,Retail,Team3,109357.7754749708,74746.94039560387,34610.83507936692,1063,0.08696089749315417,145,0.07932372691732656,33,95,4.579285823937089
2024-02-29,East,A,Online,Team1,139531.98621339985,88009.47161032849,51522.514603071366,806,0.12432685424376724,134,0.021591932232429185,38,68,4.2579540292606
2024-02-29,East,A,Online,Team2,126264.55317846869,83740.37929393102,42524.17388453767,1313,0.14374368024782128,197,0.040151951428990106,11,116,4.26738342526925
2024-02-29,East,A,Online,Team3,135081.7578464369,89344.66155698316,45737.09628945374,1025,0.1402747613982305,148,0.0769071984177294,31,73,3.6485093036965157
2024-02-29,East,A,Retail,Team1,124234.8782732911,85084.30539068762,39150.57288260349,858,0.14261865588258638,177,0.030926428329294993,27,130,3.84928056720043
2024-02-29,East,A,Retail,Team2,142076.19769216535,90741.6738819966,51334.52381016876,1077,0.13844511657595093,53,0.027936572667519824,38,147,3.8539995244751797
2024-02-29,East,A,Retail,Team3,134661.28642206886,81168.24867754943,53493.03774451943,945,0.11707631750585568,91,0.054590988530855214,15,83,4.220431403270531
2024-02-29,East,B,Online,Team1,106145.77818662822,66974.07889077233,39171.699295855884,1141,0.08958199410481651,106,0.03598990360225293,36,89,3.825949858730077
2024-02-29,East,B,Online,Team2,103362.98741206521,71833.62852025194,31529.358891813274,1254,0.12013060647255805,194,0.04512623149352439,37,111,4.174593016867688
2024-02-29,East,B,Online,Team3,99259.9345685158,68536.28657918388,30723.64798933192,828,0.10725069298293835,89,0.04623160378143461,13,108,3.8862582303101276
2024-02-29,East,B,Retail,Team1,101992.79181448146,69861.05367277253,32131.738141708935,897,0.1077654561136438,199,0.06395432583261501,10,85,4.201795612580652
2024-02-29,East,B,Retail,Team2,102417.79035305456,74453.75746147445,27964.032891580107,1306,0.12177899942418224,122,0.024508266904148528,26,50,4.144138711068058
2024-02-29,East,B,Retail,Team3,99596.91991917593,70042.56570388286,29554.35421529306,841,0.11217770589327918,84,0.06914613906045199,14,93,4.758009204669213
2024-02-29,East,C,Online,Team1,105928.61358411782,78844.23672651411,27084.37685760371,816,0.14651661476745617,104,0.05127804004481416,21,111,4.74562203090511
2024-02-29,East,C,Online,Team2,98027.6772593089,69968.12337411166,28059.553885197238,1460,0.1331325091877195,167,0.058233894787369206,17,74,4.674372956426833
2024-02-29,East,C,Online,Team3,107774.22586186625,65498.640235173894,42275.58562669235,1337,0.08275987679579541,59,0.05529582541819586,26,72,4.222548555868333
2024-02-29,East,C,Retail,Team1,106143.21315151533,71220.1342552533,34923.07889626203,1190,0.08237621850100592,166,0.06386142028749689,28,97,3.6498666276214697
2024-02-29,East,C,Retail,Team2,107784.28387109445,76716.50763618846,31067.776234905992,1171,0.13911845789745492,195,0.051346074564270136,16,66,4.3452175555761965
2024-02-29,East,C,Retail,Team3,99202.81362987548,64948.537168311486,34254.276461564,1419,0.08843968200440952,147,0.07309990139139687,20,89,4.07334181027261
2024-02-29,West,A,Online,Team1,138520.86539274483,99817.6572770155,38703.20811572933,1315,0.13535062153872746,190,0.05755348258622055,25,91,4.639664991221184
2024-02-29,West,A,Online,Team2,121777.43964067414,80692.88707650261,41084.552564171536,969,0.1493238919339244,62,0.05173622804163272,12,88,3.5123310637170473
2024-02-29,West,A,Online,Team3,131178.6136005403,90134.60695271456,41044.006647825736,1038,0.10788011687829449,152,0.05135115149807139,10,143,3.504350270655873
2024-02-29,West,A,Retail,Team1,128523.8800043562,86123.41693509807,42400.46306925813,1175,0.10010672941578572,117,0.06293319891405451,14,74,3.8604453394058056
2024-02-29,West,A,Retail,Team2,130074.65190841832,80472.71693750935,49601.93497090897,986,0.14649728287651576,110,0.03553895909610882,37,119,4.777029669604106
2024-02-29,West,A,Retail,Team3,126884.21377451762,92959.16208877771,33925.051685739905,1143,0.11271810578749088,126,0.07935109458880153,16,101,3.584482332327762
2024-02-29,West,B,Online,Team1,106690.85370068903,67704.45587104124,38986.39782964779,1042,0.1158881957711556,123,0.02281672142886878,34,139,3.547751518654598
2024-02-29,West,B,Online,Team2,99342.06687868421,73869.82110015031,25472.245778533907,1316,0.08404898735943775,96,0.03297944138219321,18,148,4.276456294159443
2024-02-29,West,B,Online,Team3,92504.96397578166,62652.426987068495,29852.536988713167,861,0.1497435043064707,52,0.06894998749943707,15,62,3.79096289926941
2024-02-29,West,B,Retail,Team1,101886.87695919773,69338.72321885524,32548.153740342488,1128,0.1426445008859488,150,0.025489210243865294,18,105,3.845280055365318
2024-02-29,West,B,Retail,Team2,103717.4955139467,70800.5293381147,32916.966175832,1025,0.10859172491494891,87,0.03558522702561957,14,97,4.144638455602402
2024-02-29,West,B,Retail,Team3,106418.04826952735,65144.54597919481,41273.502290332544,1115,0.08766282020381178,77,0.02456785156941801,26,89,4.647778149878699
2024-02-29,West,C,Online,Team1,105537.47384208629,72366.8179885006,33170.65585358569,839,0.12746113067913445,140,0.0718695728184409,10,55,4.177638405834539
2024-02-29,West,C,Online,Team2,101179.4727488385,73883.69151157458,27295.781237263916,891,0.13954072103659693,108,0.029624006319804323,22,94,4.406712900170069
2024-02-29,West,C,Online,Team3,106042.6041238929,75598.56736824743,30444.036755645473,806,0.1417145992939245,94,0.07231061166471392,28,80,4.573561775734191
2024-02-29,West,C,Retail,Team1,108658.44400620458,67295.4862955653,41362.95771063928,1162,0.09600376130674465,88,0.029645593762898492,13,51,4.581774431345064
2024-02-29,West,C,Retail,Team2,99871.43176215334,64222.89545686913,35648.53630528421,845,0.1028503503552305,66,0.02695063140681546,11,109,3.5117941260485424
2024-02-29,West,C,Retail,Team3,101017.07375589205,73015.33416399476,28001.73959189729,1125,0.09983400637859072,123,0.045934447033550735,11,112,4.009796574878756
2024-03-31,North,A,Online,Team1,135385.89330334624,97250.53666468081,38135.35663866543,1283,0.08474859413736203,66,0.06625905755192812,26,59,4.115646054965615
2024-03-31,North,A,Online,Team2,129080.52674849782,78569.77658286548,50510.750165632344,919,0.0832019423668759,99,0.07940890236503882,24,78,4.079745799113418
2024-03-31,North,A,Online,Team3,138118.33471262903,90818.5838149632,47299.75089766583,828,0.0815486486070298,183,0.04231001175432347,28,124,4.388283989588457
2024-03-31,North,A,Retail,Team1,141227.08137527734,94182.27949500522,47044.80188027212,1229,0.1127977591738009,53,0.045570878134158374,22,88,4.185131325075421
2024-03-31,North,A,Retail,Team2,129886.9757912086,94296.91503128131,35590.06075992729,1486,0.1276349511452299,71,0.027880107584562684,12,130,4.7522076494721714
2024-03-31,North,A,Retail,Team3,136985.50989393148,82834.50044779338,54151.009446138094,820,0.14366671576634726,150,0.058311556859845126,15,68,3.856479763053271
2024-03-31,North,B,Online,Team1,101772.0699182225,74712.39095153249,27059.678966690015,1326,0.1322085908421675,113,0.07208736880943185,33,61,4.231575372246398
2024-03-31,North,B,Online,Team2,103216.69724661346,69230.52182442087,33986.175422192595,1338,0.14777353995403053,194,0.025469869424371502,17,128,4.0898017249868674
2024-03-31,North,B,Online,Team3,100148.95288593374,72059.14194991557,28089.81093601817,1492,0.14382852244719377,171,0.056999018871244284,23,64,4.125979056966315
2024-03-31,North,B,Retail,Team1,102116.53800442934,63066.78872311897,39049.749281310374,1072,0.12251145137838698,133,0.045818353693967764,15,97,4.1390729107638675
2024-03-31,North,B,Retail,Team2,102640.52207455394,65725.75676460686,36914.76530994708,1143,0.11032727242801589,113,0.04731320894490807,17,70,3.5941809541329266
2024-03-31,North,B,Retail,Team3,98594.74171262559,64961.515150243395,33633.226562382195,1165,0.14822898963094827,81,0.05941903145386958,34,82,4.738443229450332
2024-03-31,North,C,Online,Team1,103289.98496060033,73581.12514173474,29708.85981886559,1352,0.09694315111037692,170,0.05425427011064986,24,129,4.127063296017069
2024-03-31,North,C,Online,Team2,104345.58354890531,65899.7075792284,38445.87596967691,1472,0.11917540784408398,146,0.051062698603082685,10,126,3.607261094772548
2024-03-31,North,C,Online,Team3,99644.4591384865,64600.918342194534,35043.54079629197,965,0.11972785937830907,171,0.06803520194654497,11,93,3.6359381924347205
2024-03-31,North,C,Retail,Team1,107375.62137608645,74675.93685174473,32699.68452434172,1434,0.08221103013779495,55,0.05699627491174844,18,125,4.632259860869911
2024-03-31,North,C,Retail,Team2,106475.96610013866,69307.07273916418,37168.89336097447,1050,0.11390789133018284,133,0.0531800871555175,15,107,4.51898231944452
2024-03-31,North,C,Retail,Team3,105175.85900840985,70692.43644100829,34483.42256740156,926,0.11684818626552793,155,0.0463164329893723,27,61,3.8212342042131904
2024-03-31,South,A,Online,Team1,132642.1187656492,95297.36373540682,37344.75503024239,1494,0.08305631603951528,93,0.05332181305625787,27,132,3.7969911637306883
2024-03-31,South,A,Online,Team2,135153.5088122689,101290.80899292193,33862.69981934698,858,0.12552279804428557,84,0.033233667495339396,31,112,3.7646517644449156
2024-03-31,South,A,Online,Team3,136116.8863633942,101286.90039007334,34829.98597332087,823,0.10978453341136526,53,0.06412101791994515,39,69,4.156298346460923
2024-03-31,South,A,Retail,Team1,139558.77338296856,95108.61722261693,44450.15616035163,1407,0.12116408646630554,166,0.043730910190940914,13,115,4.277040634832623
2024-03-31,South,A,Retail,Team2,140798.91927982363,105433.04637623529,35365.872903588344,985,0.14386543419316836,61,0.04303082911206778,27,89,4.586797482915572
2024-03-31,South,A,Retail,Team3,143467.73387251352,91154.9239313155,52312.80994119802,1319,0.10837171281600204,136,0.05795243199357837,23,127,4.1663997667675465
2024-03-31,South,B,Online,Team1,102481.51253983697,68209.11306530432,34272.39947453265,1301,0.1409524930890758,160,0.05557510398990691,16,138,4.361407662710817
2024-03-31,South,B,Online,Team2,105289.80736612807,64678.39429296926,40611.41307315881,944,0.10737570756562324,77,0.03548800596206765,14,54,3.922747083492103
2024-03-31,South,B,Online,Team3,103661.49399344054,77276.8611619326,26384.632831507945,1102,0.09642718267830858,59,0.02440980483980076,23,129,4.175706133122823
2024-03-31,South,B,Retail,Team1,107732.51940865358,70085.44183204135,37647.077576612224,1160,0.11016212665632641,69,0.05527306226662322,21,50,3.828286116698045
2024-03-31,South,B,Retail,Team2,99517.49116259585,68749.74043536339,30767.75072723246,1486,0.12646631693352636,98,0.07065022693815183,21,105,4.260960673715777
2024-03-31,South,B,Retail,Team3,98437.02249580593,71882.71943333544,26554.303062470484,1419,0.11779340876515487,197,0.036184976691019374,11,122,4.190520386401341
2024-03-31,South,C,Online,Team1,105345.42013615125,77964.17049311067,27381.249643040588,960,0.11550643660818746,61,0.028900592057725334,30,137,4.39175805677788
2024-03-31,South,C,Online,Team2,100825.22567733933,60757.983596554965,40067.24208078437,1016,0.12473839564708503,88,0.04728439133803154,24,92,4.135500554333996
2024-03-31,South,C,Online,Team3,101644.33117981242,61443.59553223741,40200.73564757501,1107,0.12932765339156527,173,0.06040594599949503,27,134,3.622070930526244
2024-03-31,South,C,Retail,Team1,108016.95011677039,75708.03448797586,32308.915628794522,1151,0.096419290533438,135,0.03531839148370591,10,104,4.772220673620689
2024-03-31,South,C,Retail,Team2,105485.77918431965,67154.57758548346,38331.20159883618,1337,0.14082334891351028,162,0.02182322358181021,17,138,4.396384776341029
2024-03-31,South,C,Retail,Team3,105866.02826682168,74262.58474332959,31603.443523492097,946,0.14586127494366452,191,0.04363186433924951,14,139,3.9531457674145614
2024-03-31,East,A,Online,Team1,134312.13882610638,86996.21976842562,47315.91905768076,960,0.10848355725060094,62,0.0669431290434964,22,80,4.459983972026724
2024-03-31,East,A,Online,Team2,127041.87336130637,92966.36341950124,34075.509941805125,1180,0.13356336051890494,181,0.06005560313381508,15,147,4.4909706752096
2024-03-31,East,A,Online,Team3,131112.18248320004,94751.51383874167,36360.668644458376,1143,0.10078084921921965,138,0.03970287367310486,10,125,4.292781347148303
2024-03-31,East,A,Retail,Team1,139478.5340665581,95475.26578332439,44003.2682832337,1404,0.11140855358357715,98,0.052741213309728405,12,93,3.519067174160143
2024-03-31,East,A,Retail,Team2,126657.56639036784,88202.60610138824,38454.96028897959,802,0.11796545654858168,121,0.051144907108173085,15,77,3.5333346855483665
2024-03-31,East,A,Retail,Team3,134160.39709409836,87363.52986573255,46796.86722836581,811,0.09042942991791363,97,0.05481034215363993,21,149,4.290276620631478
2024-03-31,East,B,Online,Team1,105399.86537758377,74593.43056037159,30806.434817212183,1226,0.08127628078734532,156,0.020453772498688527,24,64,3.816526985549189
2024-03-31,East,B,Online,Team2,104877.34333747215,77510.1440385282,27367.199298943946,1123,0.14541052187638598,68,0.02608524970695299,38,117,3.83380953803666
2024-03-31,East,B,Online,Team3,97057.04446424541,69925.12471933007,27131.919744915343,1090,0.12066524372839585,155,0.05662002699865511,27,51,3.854411200953594
2024-03-31,East,B,Retail,Team1,96482.05341392115,63874.2420237499,32607.81139017125,1144,0.11657367283612828,56,0.06086707123789897,19,88,4.182712398767178
2024-03-31,East,B,Retail,Team2,98993.16178024393,67819.90161879135,31173.260161452577,1097,0.1442426742419964,133,0.04901273880319548,16,103,4.21529450480314
2024-03-31,East,B,Retail,Team3,103598.90967071269,62833.9694628981,40764.94020781459,1161,0.08786130410878534,190,0.05609670920877988,31,70,4.64946840235293
2024-03-31,East,C,Online,Team1,98490.04156096623,68120.3563843139,30369.685176652332,1177,0.10525407633774199,121,0.06619668201510073,26,75,3.8323384971520538
2024-03-31,East,C,Online,Team2,98685.49541224526,63682.64578755287,35002.84962469239,1463,0.1375830022959575,109,0.06028548017183687,34,67,4.496652975760528
2024-03-31,East,C,Online,Team3,100775.9987909685,62778.163573681646,37997.835217286854,1360,0.13158116214609275,168,0.05212148611055965,31,97,3.905953321863435
2024-03-31,East,C,Retail,Team1,96362.47831129702,61145.55069848669,35216.92761281033,1254,0.11826881888998489,187,0.03541303085874289,22,106,4.14579691651692
2024-03-31,East,C,Retail,Team2,97981.62716015134,65082.33054905511,32899.29661109624,966,0.13071617959790327,73,0.027703657367247513,28,117,4.4416404622673635
2024-03-31,East,C,Retail,Team3,110195.58402722033,75677.70303331589,34517.880993904444,966,0.13408359092145677,85,0.025139494975785832,10,85,3.749427522134366
2024-03-31,West,A,Online,Team1,127096.10358581657,83025.45924027967,44070.6443455369,1360,0.13823041792759955,54,0.024195896342566046,30,57,4.644102813829896
2024-03-31,West,A,Online,Team2,129043.50687619731,90024.82886294881,39018.6780132485,1180,0.1119801051416258,135,0.06016921731189141,32,93,4.360390946804192
2024-03-31,West,A,Online,Team3,140962.86193418852,94414.22433481702,46548.637599371505,1063,0.12063325047016722,85,0.07769994415728879,38,80,4.481289165923102
2024-03-31,West,A,Retail,Team1,134695.09504683022,84261.43834095665,50433.65670587357,1417,0.08676735147527037,170,0.0693083866340652,21,66,3.8911090408592317
2024-03-31,West,A,Retail,Team2,132499.90550327787,87102.64769969444,45397.25780358343,1078,0.10795211410665156,153,0.02120158135554947,29,114,4.594643282689347
2024-03-31,West,A,Retail,Team3,134518.05985393966,91222.57436757398,43295.48548636568,1205,0.08623871024812116,81,0.02766280901811409,25,125,4.516636513971502
2024-03-31,West,B,Online,Team1,96647.02830882199,63209.1340204838,33437.89428833819,1140,0.10424252380123025,124,0.06951716649397381,39,72,4.725103124832903
2024-03-31,West,B,Online,Team2,97551.26949106716,71310.0267012781,26241.24278978906,1061,0.14435743812500923,192,0.07952948088939876,14,61,4.709773779037091
2024-03-31,West,B,Online,Team3,102409.14679273783,67292.38408579945,35116.762706938374,1015,0.11727368347915983,183,0.028476682956530348,16,101,4.564355505296551
2024-03-31,West,B,Retail,Team1,101505.55173404429,65814.08809157148,35691.46364247281,1474,0.09214671604905561,179,0.03341686606977867,23,69,4.2449538576101045
2024-03-31,West,B,Retail,Team2,102616.1513645733,68948.1169867139,33668.03437785941,1088,0.1445930033359376,63,0.02835188147705179,25,103,4.578132126683669
2024-03-31,West,B,Retail,Team3,105547.30908714928,68355.57393337996,37191.73515376932,1282,0.10790641194406192,74,0.05997841315010238,11,57,4.121704229962494
2024-03-31,West,C,Online,Team1,94093.71214540259,57584.863407007215,36508.848738395376,811,0.1476075512807254,145,0.05565744503370648,23,69,4.071365195222783
2024-03-31,West,C,Online,Team2,102180.55087665064,62927.86187290123,39252.68900374941,1189,0.08002327542843427,92,0.05717527729386977,37,72,3.6976323090672425
2024-03-31,West,C,Online,Team3,98556.66622518528,73841.60586910819,24715.060356077098,1052,0.12336484259853114,132,0.030239885512999904,30,122,4.517504852967393
2024-03-31,West,C,Retail,Team1,101686.71521898778,65059.985216516405,36626.73000247138,1062,0.12845129391858923,146,0.05056532768898738,16,89,4.558161350357825
2024-03-31,West,C,Retail,Team2,94328.5068680777,65424.778522636756,28903.728345440948,923,0.1393611119674581,112,0.06752561802563259,39,148,3.9780871561404765
2024-03-31,West,C,Retail,Team3,106562.17624629583,70556.89089945087,36005.28534684496,1325,0.09238210016006981,135,0.07782933652894106,32,51,3.6739448571633355
2024-04-30,North,A,Online,Team1,140747.2048821205,96738.68335456312,44008.52152755739,1270,0.08959767940102993,182,0.03291211232103425,30,139,3.813561894879404
2024-04-30,North,A,Online,Team2,131979.8391105993,98507.25264115239,33472.58646944692,1137,0.08452316758908603,188,0.04726264007359765,29,104,3.694009111335229
2024-04-30,North,A,Online,Team3,137561.72527210822,99264.93839940656,38296.78687270166,1235,0.1401695662152862,91,0.06710099263022341,22,113,4.522974402131883
2024-04-30,North,A,Retail,Team1,127708.52155811977,82667.13518665408,45041.38637146569,928,0.13662184231454297,97,0.03528023732276307,19,107,3.82897596264102
2024-04-30,North,A,Retail,Team2,136840.99967485928,92274.32397420745,44566.67570065183,999,0.09588752860557549,194,0.0239991224336414,33,94,3.695219701062154
2024-04-30,North,A,Retail,Team3,136443.3412479357,96958.69385177396,39484.64739616173,1248,0.11102911612105328,57,0.022500374036143057,34,136,4.431220404481487
2024-04-30,North,B,Online,Team1,98987.53633394177,63795.520794417804,35192.01553952396,1450,0.1479524970369469,184,0.06703056060606043,28,107,3.6279143446274165
2024-04-30,North,B,Online,Team2,109494.05662423527,76541.31748155839,32952.73914267687,1151,0.08480989827627874,187,0.02125669766185477,25,141,4.668571071208106
2024-04-30,North,B,Online,Team3,99582.03099917539,74327.891255454,25254.13974372139,1262,0.09439810835368886,98,0.03532480908111317,13,127,3.590030598171618
2024-04-30,North,B,Retail,Team1,106547.66788653687,79268.6922934189,27278.975593117968,918,0.08293658564021454,163,0.039332930206677705,13,61,4.116636942878078
2024-04-30,North,B,Retail,Team2,102816.11847152276,75882.87868490312,26933.23978661964,1087,0.12315498088265583,60,0.02262413755279817,26,89,4.278091048389675
2024-04-30,North,B,Retail,Team3,97923.93298427392,60149.94767729101,37773.98530698291,1287,0.11024538180609372,173,0.04331916791779082,27,71,3.8559286997683384
2024-04-30,North,C,Online,Team1,104052.85016979232,70173.98881715653,33878.861352635795,912,0.1252067568858644,171,0.06895681633811704,32,88,4.600468640297361
2024-04-30,North,C,Online,Team2,105562.49776110759,77888.12567915673,27674.37208195086,1329,0.12452495346108775,198,0.07870383672803576,23,56,3.734772977627891
2024-04-30,North,C,Online,Team3,102265.00608901464,72912.70977741171,29352.296311602928,1144,0.14561716465479832,78,0.06367683060384459,11,78,4.3908874209506354
2024-04-30,North,C,Retail,Team1,101177.66368739886,62100.89047934776,39076.7732080511,1361,0.09494579564174703,137,0.04054301816201279,31,92,4.485640514399498
2024-04-30,North,C,Retail,Team2,106300.0529655856,65469.097832698855,40830.95513288674,822,0.12822197114350634,88,0.054630366997253,34,57,4.100024716745727
2024-04-30,North,C,Retail,Team3,110176.23513236268,66259.95949045295,43916.27564190973,928,0.1319198443059051,52,0.07950859708096181,17,148,4.021942610619675
2024-04-30,South,A,Online,Team1,138797.38275097642,94835.08037572821,43962.30237524821,1101,0.12311898151821253,115,0.04132307412114436,22,58,4.220494468371622
2024-04-30,South,A,Online,Team2,144642.89202210307,86899.19917731256,57743.69284479051,1401,0.13879747861975278,61,0.06474402696387392,23,83,4.486279307144306
2024-04-30,South,A,Online,Team3,147331.83430497805,107006.45647244492,40325.37783253314,869,0.14136555332797404,150,0.02748284341468343,24,53,4.438692219663558
2024-04-30,South,A,Retail,Team1,145620.16590232553,106729.29602738508,38890.86987494046,1026,0.08964760294114647,103,0.06173708878980841,30,123,4.305466138697793
2024-04-30,South,A,Retail,Team2,147532.74295488506,90577.5203972665,56955.22255761856,918,0.14119837294271664,63,0.06340428593673718,14,129,3.793070382102802
2024-04-30,South,A,Retail,Team3,138835.0109750453,97939.98063649378,40895.030338551514,1335,0.12735275560584536,131,0.056128738643148865,37,109,3.918740405497941
2024-04-30,South,B,Online,Team1,104038.28580062576,73275.44927602267,30762.836524603088,875,0.13494278839780272,166,0.06731689788034438,28,97,3.9855013749874253
2024-04-30,South,B,Online,Team2,110929.42191542164,68593.93059114786,42335.49132427378,912,0.11038135563217127,195,0.04228532011238274,26,141,4.456362048510947
2024-04-30,South,B,Online,Team3,103879.06587835398,72240.266083839,31638.799794514984,846,0.08828353336463711,96,0.07038813713813703,20,58,4.735406578809769
2024-04-30,South,B,Retail,Team1,118270.46283167096,74562.48441677184,43707.97841489912,1299,0.10535648091566019,99,0.02991764665821047,20,143,4.581206156778506
2024-04-30,South,B,Retail,Team2,109704.43123455603,70738.38661259956,38966.04462195648,1225,0.13969096139129977,118,0.07051601400750852,14,133,4.543436302734423
2024-04-30,South,B,Retail,Team3,100157.80317218576,66978.33070600701,33179.47246617875,1060,0.12942133053648172,139,0.02483609082542748,16,88,4.14539949806189
2024-04-30,South,C,Online,Team1,117306.29607273937,83853.70006012644,33452.59601261292,981,0.09576565915879429,157,0.028121244936661134,29,73,4.113678564456098
2024-04-30,South,C,Online,Team2,106714.51871706865,64243.24945462917,42471.269262439484,1207,0.0839938304805878,135,0.03570234102415436,12,104,4.678130954677347
2024-04-30,South,C,Online,Team3,104798.59284671437,74816.736104775,29981.856741939366,1417,0.1391352605400215,119,0.023921969453863115,22,149,3.5436976802382674
2024-04-30,South,C,Retail,Team1,104385.84905136585,63612.52560659078,40773.323444775066,1049,0.11933949932267647,70,0.051945240936513024,10,140,3.9515463241364954
2024-04-30,South,C,Retail,Team2,110235.38688903154,75403.78559744524,34831.601291586296,998,0.10754134925945141,169,0.035609467457723074,34,86,4.77568621764642
2024-04-30,South,C,Retail,Team3,109436.65528957706,69873.06197601496,39563.5933135621,930,0.13076090092857803,98,0.047835949201300174,34,134,4.2910854545054065
2024-04-30,East,A,Online,Team1,129857.90087738307,80860.82988051178,48997.07099687129,1289,0.0862188171561295,135,0.05367336729695149,26,73,3.6491995334299827
2024-04-30,East,A,Online,Team2,132323.67577879227,96466.73235336144,35856.94342543083,842,0.08473678533300011,135,0.052930319403203516,11,119,3.793991167066923
2024-04-30,East,A,Online,Team3,132716.78907234478,82436.2298164353,50280.55925590948,821,0.13949827600364634,115,0.025853750614357983,25,100,4.34626550729624
2024-04-30,East,A,Retail,Team1,139651.45265458082,95216.4245257652,44435.028128815626,1143,0.13508790944423665,87,0.06838421703397037,19,148,3.567543550820549
2024-04-30,East,A,Retail,Team2,130757.57568051976,83527.04041687664,47230.53526364312,1331,0.11813934313591609,117,0.0654050903413181,31,64,3.7663456563959263
2024-04-30,East,A,Retail,Team3,136912.38604719742,100175.3032098875,36737.08283730992,1427,0.1409404897532205,174,0.047074360650859286,35,77,4.503616219202987
2024-04-30,East,B,Online,Team1,107415.5488857358,73129.07172836502,34286.477157370784,1026,0.08738315899696414,72,0.06932618963601353,27,92,4.508295406202926
2024-04-30,East,B,Online,Team2,102610.814014936,76411.34859223619,26199.46542269981,1303,0.09307063070411291,57,0.03722827748507453,37,90,4.250871375645505
2024-04-30,East,B,Online,Team3,108940.72867353492,71835.03397787873,37105.69469565619,1037,0.11731202070722979,91,0.04685617641921302,15,61,3.715844607441054
2024-04-30,East,B,Retail,Team1,105683.71811506231,73135.34920730317,32548.36890775914,1058,0.14280304386752332,156,0.07901128836291332,10,141,3.762620368923237
2024-04-30,East,B,Retail,Team2,98224.38710325323,65422.206946418,32802.18015683523,1165,0.08584248594925684,81,0.02705863928955951,20,95,3.9155668821727083
2024-04-30,East,B,Retail,Team3,105117.9953279673,78655.84330034642,26462.15202762089,908,0.14888772233255484,70,0.06351113288164345,11,53,4.79620160420616
2024-04-30,East,C,Online,Team1,104949.43409736197,64434.184994584495,40515.249102777474,995,0.13035475356584109,175,0.04274162757314584,12,110,3.937892652419434
2024-04-30,East,C,Online,Team2,99138.1510784285,63891.90795656844,35246.24312186007,1285,0.1178555628489881,109,0.0388610067910249,20,115,4.568127967023613
2024-04-30,East,C,Online,Team3,92390.72550495702,62283.532286229536,30107.193218727487,930,0.14158753397661866,79,0.030425695588144626,30,77,4.573771676520506
2024-04-30,East,C,Retail,Team1,99960.89006452783,61485.505827776025,38475.38423675181,1474,0.08993803928326957,90,0.06438027804360583,27,107,4.2979106444604085
2024-04-30,East,C,Retail,Team2,112719.38446554301,80110.8352706869,32608.54919485611,1419,0.11299010171787152,64,0.03523849247432148,10,133,4.4610831557142046
2024-04-30,East,C,Retail,Team3,94885.44376274414,58444.83700622092,36440.606756523215,1282,0.12804290376802682,96,0.030492886230557563,18,69,3.795333424130569
2024-04-30,West,A,Online,Team1,131354.02379757268,91479.18313547569,39874.84066209699,1315,0.14064705599759394,96,0.03831864060180388,30,148,4.492101878636556
2024-04-30,West,A,Online,Team2,137787.6562040747,91111.52981975717,46676.12638431754,1453,0.14325254910427565,194,0.06596388659211816,12,126,4.668501604634321
2024-04-30,West,A,Online,Team3,138196.2861249992,82921.6770928536,55274.6090321456,1242,0.08776926284494367,169,0.042770174202483115,23,149,3.99609552182736
2024-04-30,West,A,Retail,Team1,135630.8887291637,83999.91303552862,51630.97569363509,1458,0.14837602299574615,127,0.048744203786201076,26,74,4.047877254053022
2024-04-30,West,A,Retail,Team2,135841.21323892672,101326.19533012046,34515.01790880626,1225,0.12895207625883426,77,0.02108039333602727,16,127,4.44467228969142
2024-04-30,West,A,Retail,Team3,130417.90103538698,84212.49035100636,46205.41068438062,1174,0.11728731207330884,68,0.07236523037396768,23,87,3.6563213944651785
2024-04-30,West,B,Online,Team1,102400.63726288563,62148.84471485361,40251.79254803203,1472,0.11281375758251541,138,0.06947208848522193,30,148,3.7942569426439317
2024-04-30,West,B,Online,Team2,101906.89644420634,72306.70564006823,29600.19080413811,840,0.08336999851848474,117,0.07263436742973202,11,135,4.659993247581548
2024-04-30,West,B,Online,Team3,106671.52337780749,64557.663551828824,42113.85982597867,834,0.0987443672841834,99,0.05440096073811308,30,118,3.8279994247912286
2024-04-30,West,B,Retail,Team1,99753.34344039804,63147.237582622285,36606.10585777575,1483,0.08804530979416968,186,0.060152015776284706,26,147,4.642672570366948
2024-04-30,West,B,Retail,Team2,106266.41586624768,70620.84624755896,35645.56961868872,1131,0.14374736056045978,96,0.028251426489020924,28,75,3.7142720779507905
2024-04-30,West,B,Retail,Team3,116437.6718284848,72841.92719275488,43595.74463572992,1332,0.12419152871643921,69,0.06732813583432157,28,53,4.37935427103991
2024-04-30,West,C,Online,Team1,101186.31043257775,72653.04080642737,28533.269626150388,1378,0.12565569816818306,140,0.06461563497059358,10,121,4.324335240789231
2024-04-30,West,C,Online,Team2,100487.00269696883,61361.36648727177,39125.63620969706,1464,0.08020447228349534,110,0.048349601300390815,35,76,3.6820313268193128
2024-04-30,West,C,Online,Team3,101899.02686496021,64136.74103374914,37762.28583121107,1090,0.11132276989257205,133,0.03241955470630561,22,110,3.507157538908547
2024-04-30,West,C,Retail,Team1,92660.72636782004,55702.95904551961,36957.76732230043,989,0.13833219500311086,197,0.026481545247841482,35,88,4.543361383453757
2024-04-30,West,C,Retail,Team2,105400.73068111185,67880.52887059846,37520.20181051339,1181,0.09944754509472141,137,0.025225566007746288,18,66,3.647989911519582
2024-04-30,West,C,Retail,Team3,116654.33616611784,76033.36818257754,40620.96798354029,982,0.1411955767279623,190,0.060525212452825355,23,68,4.085776124678074
2024-05-31,North,A,Online,Team1,142602.84027770945,104433.5905603911,38169.24971731835,908,0.12255336498634925,94,0.06310575378912411,37,118,3.5020346367489146
2024-05-31,North,A,Online,Team2,131653.24856031965,91559.5953021244,40093.65325819525,1142,0.1302300487312116,133,0.06119539480955641,11,117,3.9989905479584733
2024-05-31,North,A,Online,Team3,124440.92299335348,76923.62321085935,47517.29978249413,1211,0.11847085597055004,162,0.024260459871995328,35,64,4.474805993767406
2024-05-31,North,A,Retail,Team1,131604.2334037879,87109.01303235228,44495.220371435615,904,0.12525150630872248,100,0.0556196474725123,19,63,4.326924860332404
2024-05-31,North,A,Retail,Team2,136233.62023622496,99594.24049921766,36639.3797370073,883,0.12465139648645437,166,0.07414719843715051,15,52,4.194157714312093
2024-05-31,North,A,Retail,Team3,138994.69300060972,86360.26168321502,52634.4313173947,880,0.12864176615731715,61,0.03770244245924938,10,104,4.250359852754916
2024-05-31,North,B,Online,Team1,94203.04886954628,66825.3841740275,27377.66469551879,1304,0.08471691883498658,70,0.06154956960015352,27,85,4.374856609112762
2024-05-31,North,B,Online,Team2,107663.24680364541,69045.21278152807,38618.03402211734,1433,0.12131998800672117,157,0.06790282043110114,12,116,4.614831038959669
2024-05-31,North,B,Online,Team3,103328.45629264726,66939.27619059905,36389.18010204821,1359,0.08086167921112529,106,0.02164521859835946,37,82,4.183556378535321
2024-05-31,North,B,Retail,Team1,108054.04136579891,73125.81107624756,34928.23028955136,1467,0.11013705369235452,105,0.06571440920794493,24,69,3.941699475296453
2024-05-31,North,B,Retail,Team2,92252.35846504067,55444.27247878998,36808.08598625069,1278,0.13542041814829425,188,0.038673049703803614,15,113,4.287513024288497
2024-05-31,North,B,Retail,Team3,105672.4960088906,69182.62699850752,36489.869010383074,1427,0.12061550631495205,114,0.026315551111820743,26,99,4.131266609557217
2024-05-31,North,C,Online,Team1,104027.46275121697,77459.12038729941,26568.34236391756,1465,0.08272972088024381,156,0.04327920559681217,19,100,3.530357725226642
2024-05-31,North,C,Online,Team2,101621.47368134401,72500.01548893319,29121.45819241082,1044,0.10024713403808581,171,0.02696833761203154,19,84,4.654924774001286
2024-05-31,North,C,Online,Team3,109865.6231879332,82135.75682294698,27729.86636498623,876,0.1224814139103851,175,0.04336891369414522,22,145,3.9425032355308574
2024-05-31,North,C,Retail,Team1,105848.21096099047,72104.98057235613,33743.23038863434,964,0.11345149136155697,190,0.05250228874460024,31,102,4.583744950518861
2024-05-31,North,C,Retail,Team2,94994.7113292363,60692.14335377696,34302.567975459344,1362,0.09240196476903059,134,0.0405468787300828,21,70,4.756342601626329
2024-05-31,North,C,Retail,Team3,101286.6310013299,69245.24581438389,32041.385186946005,1298,0.09156694353098223,73,0.07998282824935483,22,147,4.135567181330186
2024-05-31,South,A,Online,Team1,147059.3088100001,100795.42146412931,46263.8873458708,964,0.1311572620098266,57,0.02236757197345396,26,85,4.679025651485284
2024-05-31,South,A,Online,Team2,150097.32485574126,93038.70591013569,57058.61894560557,890,0.14366182276560693,60,0.041207644432806945,24,61,3.5493760322768093
2024-05-31,South,A,Online,Team3,147233.99454944892,89615.61358709715,57618.38096235177,983,0.09930372977759498,95,0.0220676755655,15,66,4.733845786016272
2024-05-31,South,A,Retail,Team1,153745.04801674638,104075.45979981625,49669.58821693013,1419,0.11383852051812027,145,0.049515866006343744,32,149,3.8715186221836313
2024-05-31,South,A,Retail,Team2,148798.9366589777,97906.88445401995,50892.052204957756,1298,0.12040953204631918,131,0.046607350182914245,24,53,4.54856614502416
2024-05-31,South,A,Retail,Team3,141973.65511019467,95331.40620525848,46642.24890493619,1310,0.0876484947216735,165,0.020190070914842106,26,146,4.6610172667540395
2024-05-31,South,B,Online,Team1,114967.78361140433,79786.3630010262,35181.42061037813,1086,0.13138208338125143,163,0.04861060809906903,38,135,4.439519045007697
2024-05-31,South,B,Online,Team2,97298.05682667861,68486.14307770948,28811.913748969135,1119,0.10095769118601769,84,0.032642297832032194,34,143,3.5115222706475095
2024-05-31,South,B,Online,Team3,109321.93330787295,65827.90605928407,43494.027248588885,864,0.10392476833157333,86,0.06442856791721115,14,62,4.47945629893406
2024-05-31,South,B,Retail,Team1,116283.08552312841,83181.75835875273,33101.327164375674,927,0.13664282197973215,50,0.07075528638066393,11,112,3.6151861281605826
2024-05-31,South,B,Retail,Team2,107898.7933527565,71335.28620481254,36563.507147943965,1213,0.08171489137873567,124,0.040929232038168756,12,63,4.550705773011988
2024-05-31,South,B,Retail,Team3,111879.860709597,83031.99707691689,28847.863632680106,1089,0.08042621237678874,132,0.05135459596020471,25,115,3.5999206978590124
2024-05-31,South,C,Online,Team1,119275.10611381584,84215.73585943396,35059.37025438188,987,0.09016375590192623,62,0.06001126526085607,37,83,3.8653058485813276
2024-05-31,South,C,Online,Team2,112015.42063412516,80709.62099987429,31305.79963425087,1431,0.10835718861692965,76,0.02132161527342902,16,102,4.594899970247132
2024-05-31,South,C,Online,Team3,104613.35979546931,63296.352755457425,41317.007040011886,1202,0.10504698588794842,106,0.06557668572198778,26,104,4.154009136013787
2024-05-31,South,C,Retail,Team1,113288.80441430057,75609.22690451215,37679.57750978842,809,0.13750023941498152,103,0.02430654837359078,27,63,4.102124531776744
2024-05-31,South,C,Retail,Team2,108165.06694932141,69603.73576891857,38561.331180402834,829,0.11641189246175257,108,0.06652076902418813,27,61,4.145704049663331
2024-05-31,South,C,Retail,Team3,106829.49405271537,68653.02505959039,38176.468993124974,1153,0.13052050869020254,154,0.064918714047572,24,106,3.500175100905831
2024-05-31,East,A,Online,Team1,132069.04983889216,84712.44756771026,47356.602271181895,1093,0.1427008708148321,137,0.07036030954136013,18,55,3.820871029962473
2024-05-31,East,A,Online,Team2,135276.8949068605,96200.21696513887,39076.677941721646,956,0.14516211604425658,170,0.04161403512802567,28,58,4.595525472808721
2024-05-31,East,A,Online,Team3,140337.10767669388,102976.67818903852,37360.42948765536,940,0.1095669165529014,161,0.07617926923814941,28,86,3.6508294857526202
2024-05-31,East,A,Retail,Team1,131881.39811510145,79965.46312149393,51915.934993607516,1431,0.12730934225250354,72,0.03525388302492173,20,62,3.7376494076539704
2024-05-31,East,A,Retail,Team2,131908.6327839934,92522.85653337785,39385.776250615556,1405,0.09882776221167702,133,0.06690943180069614,21,86,3.562641816111285
2024-05-31,East,A,Retail,Team3,133231.21341763393,87134.22212011613,46096.9912975178,1103,0.106958408393175,90,0.04855806386069936,25,67,4.324751388872558
2024-05-31,East,B,Online,Team1,102568.04063251612,70034.52533336992,32533.515299146195,899,0.13952436007839267,65,0.042269696887144506,15,124,4.449645269246427
2024-05-31,East,B,Online,Team2,105637.09885825493,73645.6403574581,31991.458500796827,899,0.1274469240217031,186,0.028196054219070357,16,85,4.46017669557203
2024-05-31,East,B,Online,Team3,109375.87967834229,72108.19639822187,37267.683280120415,1287,0.11277078989107213,114,0.07341290015817047,37,148,4.366926658716198
2024-05-31,East,B,Retail,Team1,97156.47728220165,70292.36295651083,26864.114325690825,853,0.11611033318986297,93,0.02599200926817069,19,95,3.8144555486203897
2024-05-31,East,B,Retail,Team2,104882.43655181312,63423.80151123764,41458.635040575486,1186,0.10830028230784083,66,0.07436395314118191,29,73,4.442313449109522
2024-05-31,East,B,Retail,Team3,104411.64943358544,76392.47560148253,28019.17383210291,1177,0.1163322596090684,114,0.03871183147501299,37,65,4.5047979264389495
2024-05-31,East,C,Online,Team1,106192.37869404863,65715.29860910839,40477.080084940244,1492,0.08534694614940191,183,0.04613045752833144,30,74,4.505084436094273
2024-05-31,East,C,Online,Team2,104098.08328846995,70546.65469617656,33551.42859229339,1437,0.11994547367166544,92,0.059780440768506554,22,56,4.643031649300299
2024-05-31,East,C,Online,Team3,106599.32426006134,77227.42274382424,29371.901516237107,1303,0.11205970313025,108,0.038174943729991556,12,78,3.7967059725418086
2024-05-31,East,C,Retail,Team1,113718.01524091585,72437.30053268395,41280.7147082319,1211,0.11313806170464388,173,0.0484285897038768,35,53,4.745126741284665
2024-05-31,East,C,Retail,Team2,104104.4324414798,77496.92736624736,26607.505075232446,1339,0.1343849607229058,66,0.03352287608040595,21,120,3.683043833560479
2024-05-31,East,C,Retail,Team3,105153.50452859342,72909.4490687163,32244.055459877112,1193,0.10206029273927873,132,0.02881776257529258,30,121,4.326741119312847
2024-05-31,West,A,Online,Team1,143102.70343284187,91440.58783450103,51662.11559834084,848,0.1463176674710513,151,0.03743027034028522,37,106,4.657183478614819
2024-05-31,West,A,Online,Team2,130124.52904086065,91888.503533875,38236.02550698565,1041,0.12830675907664904,163,0.02047049544631501,29,124,3.5579329704832827
2024-05-31,West,A,Online,Team3,126754.70775335553,90523.55352269624,36231.15423065929,1372,0.14643498374203906,95,0.02457435307841387,15,111,4.549055138149192
2024-05-31,West,A,Retail,Team1,131603.40004935223,88036.0590038466,43567.34104550563,1101,0.11029712015466285,52,0.029944986789209357,38,57,3.771941105030306
2024-05-31,West,A,Retail,Team2,133053.7778985067,99004.52397559115,34049.25392291555,1071,0.1245577052727348,97,0.044400444199914985,36,139,4.179301631751669
2024-05-31,West,A,Retail,Team3,138142.7663488536,87426.08402471697,50716.68232413662,1156,0.11058971199659345,68,0.03056572827983568,15,131,4.775531187790983
2024-05-31,West,B,Online,Team1,106743.54133992516,78582.97466789754,28160.56667202762,1153,0.1288817810059301,92,0.05128757832328831,11,83,4.484503269274771
2024-05-31,West,B,Online,Team2,101094.26977274992,63108.17023207305,37986.09954067687,807,0.13411623291882263,143,0.058436911012933246,16,130,3.7115096669511356
2024-05-31,West,B,Online,Team3,111420.58014267983,75190.43474159726,36230.14540108257,936,0.1384785481589488,85,0.04142176063820073,37,91,4.546179058586603
2024-05-31,West,B,Retail,Team1,105778.0667439283,64197.60889182986,41580.457852098436,969,0.1025168992761684,115,0.05088101702728634,25,140,3.829967401603703
2024-05-31,West,B,Retail,Team2,101213.59849818649,74310.66163590945,26902.93686227704,972,0.08829518365187061,58,0.02922842147849647,32,76,4.741301090950008
2024-05-31,West,B,Retail,Team3,96715.81065303339,65205.92318750962,31509.887465523767,1400,0.13327055464467744,116,0.0435474911737688,30,143,4.693954361789031
2024-05-31,West,C,Online,Team1,104502.60047254081,68299.57375812515,36203.02671441567,1073,0.14947096025623452,142,0.05384444173001106,36,131,4.353620395820239
2024-05-31,West,C,Online,Team2,106938.65826239971,68019.3855363255,38919.27272607421,857,0.1414148928543682,197,0.026108220976972213,19,108,3.7871086178519118
2024-05-31,West,C,Online,Team3,105069.51934100741,67493.6974826621,37575.82185834531,1379,0.12071356050924355,188,0.0537994785219828,30,148,3.924239960211583
2024-05-31,West,C,Retail,Team1,103052.93164509225,74811.16735279029,28241.76429230196,908,0.10471352741202117,96,0.07422545430650852,35,89,4.021224291214961
2024-05-31,West,C,Retail,Team2,107309.97783531653,78693.96016637808,28616.017668938453,1427,0.09431226202382982,185,0.031168153865200877,28,95,3.7691985519741116
2024-05-31,West,C,Retail,Team3,106694.88987850549,65155.767737181704,41539.12214132379,1070,0.14156475995096884,178,0.0445647243090211,33,76,4.586573706283671
2024-06-30,North,A,Online,Team1,142678.91095911077,102110.79111268697,40568.1198464238,803,0.09061165523600695,165,0.045513691126261635,14,144,3.666226841589143
2024-06-30,North,A,Online,Team2,131144.73160175476,93746.45242980256,37398.27917195219,1308,0.10915960799376045,103,0.0417305752879237,34,59,3.7607283263948776
2024-06-30,North,A,Online,Team3,141474.90834396178,85986.34719192403,55488.56115203776,837,0.1312207315594949,190,0.04535775182081655,27,79,3.9228836742299404
2024-06-30,North,A,Retail,Team1,135687.3693593505,95916.4787212339,39770.8906381166,1210,0.09900070043439402,175,0.040217883543047395,24,149,4.7803159235912185
2024-06-30,North,A,Retail,Team2,133512.44902654178,91936.09497157848,41576.3540549633,1071,0.08549190714219868,80,0.06522978203415311,36,83,4.514821232653224
2024-06-30,North,A,Retail,Team3,143611.84930849253,98742.61287293436,44869.23643555817,1450,0.12399038331932992,66,0.05609323275798944,29,74,3.6689237839483235
2024-06-30,North,B,Online,Team1,112283.54975030897,79302.89057958746,32980.65917072151,1362,0.10584965391508787,176,0.06965037919239327,17,64,4.4286246264554965
2024-06-30,North,B,Online,Team2,106559.0709173863,71315.44904727442,35243.62187011188,800,0.08854213460252941,171,0.06373886369934899,39,106,3.8562930661448482
2024-06-30,North,B,Online,Team3,102320.20427295355,66692.44142842975,35627.76284452379,1061,0.1265602335966884,52,0.02713246347062432,26,125,4.372371869017889
2024-06-30,North,B,Retail,Team1,107700.12115808461,71652.74340391744,36047.37775416717,991,0.11473811270176532,64,0.050400358938964746,13,67,3.520880424475308
2024-06-30,North,B,Retail,Team2,103004.24103574819,74125.15870577867,28879.08232996952,1069,0.13902946636554817,181,0.05353883804598644,38,132,4.418051137852366
2024-06-30,North,B,Retail,Team3,106499.25475885373,72434.78469551822,34064.47006333551,967,0.08361681051605728,76,0.04893586167513153,17,62,4.74996734067801
2024-06-30,North,C,Online,Team1,107102.7255461406,77255.17708886076,29847.548457279845,894,0.10168515014463694,51,0.07228484205145126,28,106,4.535685816348784
2024-06-30,North,C,Online,Team2,103485.22231007842,65979.09231425905,37506.12999581937,1174,0.1200222188200624,65,0.07891434188459234,28,131,3.8217630950825354
2024-06-30,North,C,Online,Team3,103038.42615633049,62129.01271592273,40909.41344040776,1364,0.10147436196654988,76,0.04469932762740214,15,146,4.059702272359347
2024-06-30,North,C,Retail,Team1,102887.43632788978,75282.4979012941,27604.938426595676,868,0.08478472402169711,108,0.04135128555555268,27,68,4.380803229154594
2024-06-30,North,C,Retail,Team2,105823.71893732193,75952.78090600837,29870.938031313563,1190,0.12425975075463479,63,0.06685975361689948,31,142,3.631784766819107
2024-06-30,North,C,Retail,Team3,104797.40824982103,67246.18257127557,37551.22567854547,1137,0.1458890713769296,154,0.0788221244565311,35,111,4.174311292694774
2024-06-30,South,A,Online,Team1,148347.99642897115,105428.36172166803,42919.63470730312,1273,0.12075282610648128,120,0.035856575789518355,19,147,4.1279516068265565
2024-06-30,South,A,Online,Team2,144878.83427865847,92763.02919872677,52115.8050799317,1435,0.11847243879715297,71,0.028636514814333852,32,88,3.723743783669611
2024-06-30,South,A,Online,Team3,158328.546332252,105874.82644354897,52453.71988870304,1282,0.12539533740830816,102,0.0209066410528685,12,55,3.8261609593984334
2024-06-30,South,A,Retail,Team1,146360.58392779104,102657.89069716081,43702.69323063023,1280,0.12704392271265774,119,0.03877444365281889,13,108,4.276968767513514
2024-06-30,South,A,Retail,Team2,148425.44822424962,102137.17337799714,46288.274846252476,1409,0.10614883607333774,77,0.057649194307056756,22,117,4.717147281237184
2024-06-30,South,A,Retail,Team3,150883.96724662645,102797.02225412548,48086.94499250097,882,0.1470306710558672,122,0.0703880963998656,19,81,4.374198647432538
2024-06-30,South,B,Online,Team1,114882.23924562879,70525.49698299964,44356.74226262915,1306,0.08590109202279453,160,0.035522698529326456,38,122,4.06990047403999
2024-06-30,South,B,Online,Team2,114128.22871048581,85532.18474011289,28596.04397037292,842,0.12463817728271548,88,0.03195622018800805,32,145,4.684977681322911
2024-06-30,South,B,Online,Team3,114629.36446784977,69049.51717586833,45579.84729198144,1098,0.09732918391959205,89,0.041291649844768866,27,116,3.7799476957973184
2024-06-30,South,B,Retail,Team1,113789.25387088033,78465.01464937902,35324.23922150131,1327,0.08568044249753674,97,0.039982092308323905,27,87,3.9982695115348617
2024-06-30,South,B,Retail,Team2,105862.62822973504,76011.00005329936,29851.628176435683,1186,0.12317485254967789,114,0.03520143020357969,36,57,3.5889963351336513
2024-06-30,South,B,Retail,Team3,114725.95682541259,75222.01713800058,39503.939687412014,872,0.09443521835588979,156,0.052299916595342805,26,109,3.9789835958915525
2024-06-30,South,C,Online,Team1,116519.09297802436,83673.2991137914,32845.79386423295,1244,0.14116060441275574,172,0.06232764981700918,35,89,4.075309169259169
2024-06-30,South,C,Online,Team2,118607.8125256307,82716.89259669665,35890.91992893405,1348,0.13487911510825487,67,0.06948459424082046,31,60,4.27849902010327
2024-06-30,South,C,Online,Team3,116983.15002299676,77342.81638069861,39640.33364229815,887,0.14489774402008992,178,0.06586644368453026,23,87,4.351725828881639
2024-06-30,South,C,Retail,Team1,108430.6927101131,69291.0608142771,39139.631895836006,837,0.08783164315843867,182,0.06719134294345082,37,70,4.470809631393833
2024-06-30,South,C,Retail,Team2,119044.46460053003,79394.34657862419,39650.118021905844,868,0.08055750833218157,189,0.034997416783857274,33,72,3.831346923589347
2024-06-30,South,C,Retail,Team3,117732.31882073829,83752.3728043725,33979.94601636579,851,0.14108450617827847,104,0.032963606974685984,32,145,4.522265052979925
2024-06-30,East,A,Online,Team1,129569.2102794738,83018.20804336511,46551.00223610869,896,0.1023026273934525,110,0.04356384459628497,28,84,3.953557097554371
2024-06-30,East,A,Online,Team2,143745.1511563962,97493.69829724837,46251.45285914783,1060,0.1273858548097786,125,0.07152585676096833,12,79,4.070973781624632
2024-06-30,East,A,Online,Team3,130984.88272264751,91826.53453427846,39158.348188369055,1452,0.13053504592609755,165,0.033775889645238116,32,94,3.7148698371858444
2024-06-30,East,A,Retail,Team1,138295.1007627797,83018.38583879598,55276.71492398373,1249,0.11723223553052599,157,0.05089600099479556,31,82,3.948798939770964
2024-06-30,East,A,Retail,Team2,144361.21083259827,105708.40602384268,38652.804808755594,1433,0.1047989929052051,164,0.033341678284890215,18,77,3.9043032431524844
2024-06-30,East,A,Retail,Team3,133597.91576390984,83503.99592896427,50093.91983494557,1358,0.10737230083891791,196,0.04014042998234357,39,77,4.2434858650057805
2024-06-30,East,B,Online,Team1,104804.97899690674,74734.3093826411,30070.66961426563,1280,0.11786335026866565,123,0.04471188442504976,19,114,3.76476727910449
2024-06-30,East,B,Online,Team2,106112.17068484964,68880.89309987772,37231.27758497192,940,0.1409368876388569,142,0.05195024398495891,22,97,4.287329256120435
2024-06-30,East,B,Online,Team3,103321.34502540139,64206.600604844,39114.744420557385,1081,0.11585993300704395,62,0.04351156239128156,26,116,3.765611298418661
2024-06-30,East,B,Retail,Team1,101052.77319879507,68328.93041289096,32723.84278590411,992,0.08126868287320109,66,0.07143853414165045,36,52,4.2288817834206345
2024-06-30,East,B,Retail,Team2,112320.88619376218,71659.69850110897,40661.18769265321,824,0.13119215637923073,122,0.05213939596085472,10,142,4.567804871770902
2024-06-30,East,B,Retail,Team3,109984.29386732903,79903.47127999607,30080.822587332965,1298,0.08891704912002375,167,0.0674934921554822,23,78,3.7384748553244647
2024-06-30,East,C,Online,Team1,100999.80717801178,66475.43835183892,34524.36882617285,1031,0.08108558314386145,177,0.03220836454985575,17,71,4.123038116888899
2024-06-30,East,C,Online,Team2,104682.37712692322,65662.91022332238,39019.46690360084,1091,0.13935495186343438,165,0.05889908044712573,22,131,3.9881096070064506
2024-06-30,East,C,Online,Team3,103526.10357850128,77600.82269562235,25925.280882878928,1434,0.08299862885833793,116,0.03320667955428519,31,127,3.9842932558874162
2024-06-30,East,C,Retail,Team1,111730.89131813313,68190.15085955664,43540.74045857649,1373,0.10621362799776118,109,0.06336426513432827,35,144,4.4213953517979006
2024-06-30,East,C,Retail,Team2,103955.22922387993,62455.99207148972,41499.237152390204,923,0.08667601215911411,97,0.023987799546576326,17,122,4.258827664050773
2024-06-30,East,C,Retail,Team3,115550.67791042812,82883.80756517063,32666.870345257485,1228,0.10451420937635111,107,0.06551011285498344,12,132,4.306615920567562
2024-06-30,West,A,Online,Team1,132896.80164084025,83624.81805440893,49271.98358643132,1019,0.10735286066307459,194,0.0354938611799696,12,70,4.350372558136236
2024-06-30,West,A,Online,Team2,139144.1565090651,102044.0371562324,37100.1193528327,1284,0.11791524927517319,111,0.029388602960216035,19,110,4.431316245545529
2024-06-30,West,A,Online,Team3,132261.83035690457,85583.19442476671,46678.635932137855,839,0.12198399204793486,179,0.04549105057208522,21,59,4.159177540760334
2024-06-30,West,A,Retail,Team1,133239.5555570347,83699.49753721217,49540.058019822536,1392,0.12092676631160773,189,0.04663155130527807,32,67,4.746047186368062
2024-06-30,West,A,Retail,Team2,144255.77522297853,98092.15423254887,46163.620990429656,994,0.14573479356152041,110,0.03947070801052052,22,145,3.7482045605931367
2024-06-30,West,A,Retail,Team3,125668.09578292111,88494.98845330224,37173.10732961887,1385,0.1263378261355708,181,0.047691375655316406,32,119,4.522720842919502
2024-06-30,West,B,Online,Team1,108696.52920416149,67673.50423597416,41023.024968187325,1191,0.08218043649553737,112,0.03584026099756795,38,70,4.655003342899796
2024-06-30,West,B,Online,Team2,109081.69577969171,78936.86375426402,30144.83202542769,919,0.14006842759757723,183,0.04573909591045343,23,108,4.168461352012141
2024-06-30,West,B,Online,Team3,102802.60729908095,71963.4479993844,30839.15929969655,1057,0.13236033154599824,174,0.02403535483804207,25,76,4.798560395643277
2024-06-30,West,B,Retail,Team1,113164.27093636646,73443.14643989265,39721.124496473814,890,0.13646655371187716,158,0.04794954519338748,24,65,4.034548973392962
2024-06-30,West,B,Retail,Team2,111073.98528447193,76077.583035506,34996.402248965926,1307,0.1258039403844904,84,0.02094457477974062,23,73,4.3108660103232115
2024-06-30,West,B,Retail,Team3,102012.15682116518,72871.91432406577,29140.242497099403,1494,0.13859837394814564,148,0.07630482463148865,14,134,4.023035441808533
2024-06-30,West,C,Online,Team1,101670.73295883038,70737.24327283182,30933.48968599856,818,0.11096056638157947,123,0.028306129599763658,34,69,4.2403298294239296
2024-06-30,West,C,Online,Team2,104154.2441212834,76059.84685349045,28094.39726779294,1450,0.1450397664010824,77,0.05166064797330169,36,54,4.794320442348548
2024-06-30,West,C,Online,Team3,108127.54008415517,74497.03491630853,33630.50516784664,1087,0.11183350397868627,195,0.04174587935694975,31,131,3.6430822694614498
2024-06-30,West,C,Retail,Team1,109426.15741494496,80839.3481227672,28586.809292177757,1444,0.08380735239656179,108,0.061828148353508555,18,103,3.857874677487418
2024-06-30,West,C,Retail,Team2,107020.50827504504,73832.94752695994,33187.5607480851,1454,0.094291659141777,199,0.047310319504019385,24,130,4.588577203701195
2024-06-30,West,C,Retail,Team3,99890.12944804602,62477.20687406195,37412.92257398407,1203,0.1279776740412204,168,0.030286050602632564,24,61,4.091334175643729
2024-07-31,North,A,Online,Team1,140748.04773346015,97940.20796100209,42807.83977245806,889,0.1081321039923511,115,0.05435643397292135,15,115,4.697699765876868
2024-07-31,North,A,Online,Team2,139134.56038244697,95652.03565529513,43482.524727151846,949,0.129184814410076,78,0.04540010864919185,39,130,4.2889010422021805
2024-07-31,North,A,Online,Team3,132146.92332531238,96394.5104107227,35752.41291458969,1038,0.12784176441852563,137,0.07307499757527126,18,84,3.760718871198846
2024-07-31,North,A,Retail,Team1,140913.55611950133,89118.5311894927,51795.02493000863,1264,0.12358413735190607,168,0.05713949388191529,24,144,4.508684992649497
2024-07-31,North,A,Retail,Team2,136029.69226566455,90501.78491495537,45527.90735070918,1067,0.13718817350902857,113,0.07351358619539375,38,68,4.217440277347541
2024-07-31,North,A,Retail,Team3,133480.6771706348,95894.04193266659,37586.63523796821,870,0.094755517108502,83,0.0484970579158249,27,137,3.631271538863089
2024-07-31,North,B,Online,Team1,104719.1012375231,78116.41989938327,26602.681338139824,1437,0.09162152765500026,121,0.046384429190474516,33,72,4.537781156371943
2024-07-31,North,B,Online,Team2,104792.5127706461,68003.85284330769,36788.65992733842,892,0.09627541945454818,109,0.06959710073014932,37,98,3.959805692554954
2024-07-31,North,B,Online,Team3,110255.34607010307,68732.86625817776,41522.47981192531,991,0.12064893591879994,177,0.028644727160791972,12,93,3.8557325432190033
2024-07-31,North,B,Retail,Team1,113502.85684481334,76407.30243014124,37095.55441467211,944,0.11092225441463949,106,0.06291118728681447,30,105,3.9729525334832134
2024-07-31,North,B,Retail,Team2,103300.06182137155,70459.48754638691,32840.57427498464,1198,0.09394721680858198,112,0.027581388878870634,22,130,4.494708427461796
2024-07-31,North,B,Retail,Team3,100540.12262666922,74506.55293937537,26033.569687293857,1017,0.09366165620530553,131,0.048252041373390606,18,112,4.2274525108049446
2024-07-31,North,C,Online,Team1,111453.61793074917,68828.37776980983,42625.24016093934,847,0.10847633606662065,88,0.04723939467198194,34,145,3.6638026362231924
2024-07-31,North,C,Online,Team2,112452.57709435279,70784.72330896073,41667.85378539206,1028,0.11571038663194264,126,0.05475886799971627,35,63,4.338168823149864
2024-07-31,North,C,Online,Team3,107478.12244373547,70486.94587089772,36991.17657283775,1471,0.09955911189232504,169,0.031116221322999422,39,116,3.784322740420658
2024-07-31,North,C,Retail,Team1,98416.78725289604,61749.218384208805,36667.56886868724,1205,0.12226956877781944,121,0.04227017096117189,15,127,3.828637977220505
2024-07-31,North,C,Retail,Team2,112191.18970323216,76961.30264455732,35229.88705867484,1107,0.12709352300887267,80,0.033092452073130336,35,133,3.8245696385622994
2024-07-31,North,C,Retail,Team3,101615.03702744724,64981.50554603908,36633.53148140816,1324,0.12364344813635075,163,0.0232108677747826,29,126,3.8016724616115027
2024-07-31,South,A,Online,Team1,155328.3000023462,97845.30321282502,57482.996789521174,857,0.09659592959621381,158,0.07667994393026571,17,57,4.701879209351469
2024-07-31,South,A,Online,Team2,145073.57666433774,104144.24365852696,40929.33300581078,1028,0.11264095890578732,65,0.05691521919694484,31,131,4.166798814207195
2024-07-31,South,A,Online,Team3,155198.6838217873,101867.87686801315,53330.806953774154,1037,0.1379287136591833,62,0.0604639791088389,39,70,3.5590882505665347
2024-07-31,South,A,Retail,Team1,154243.531305476,107506.20915603511,46737.32214944089,1266,0.123059039837884,157,0.05007653867754376,32,101,3.862011947605818
2024-07-31,South,A,Retail,Team2,149513.04962070548,97243.44578497761,52269.603835727874,939,0.13072188007933402,185,0.03686298501001335,39,61,3.993676979795113
2024-07-31,South,A,Retail,Team3,156866.623451663,112977.98799035158,43888.63546131142,938,0.1197925428955558,144,0.06636628517990474,35,142,4.613441423591345
2024-07-31,South,B,Online,Team1,110827.67329075157,78955.17505641603,31872.498234335537,1298,0.11673149463630025,164,0.04070502473079402,26,70,4.749940021946346
2024-07-31,South,B,Online,Team2,112713.33591412635,78919.64450561079,33793.69140851556,1467,0.12181046942474286,55,0.06070999809755827,15,77,4.602542005520319
2024-07-31,South,B,Online,Team3,113553.79585885839,72929.06309869142,40624.73276016697,857,0.1118933409506076,107,0.06296299839452867,18,149,4.3094964032347365
2024-07-31,South,B,Retail,Team1,122776.50279118876,91900.21690048797,30876.28589070079,985,0.09946904088406287,153,0.03878979210978663,37,50,3.6156866293132506
2024-07-31,South,B,Retail,Team2,118095.7745752893,88303.38289081922,29792.391684470073,1271,0.10607562520874261,181,0.031909464476320946,36,58,3.811986173030945
2024-07-31,South,B,Retail,Team3,119148.50373583927,84180.78847809034,34967.71525774893,1086,0.09053305897041983,191,0.04692672823967689,11,116,3.8206562005470284
2024-07-31,South,C,Online,Team1,128378.1877108292,91492.12655029292,36886.06116053628,1159,0.12045237788858618,116,0.03765600419822686,12,107,4.7239927833697735
2024-07-31,South,C,Online,Team2,116138.637578572,83344.67804786612,32793.95953070588,962,0.0948713094036831,93,0.04467184933295275,11,136,4.6499629546984975
2024-07-31,South,C,Online,Team3,123678.10073591472,79246.1218350791,44431.97890083562,1400,0.13107983345481955,180,0.04052645725181564,34,133,4.580233922371589
2024-07-31,South,C,Retail,Team1,112468.53243794183,69503.7157630535,42964.81667488834,1245,0.11400722002388419,165,0.03727672056055955,24,101,4.454048070043304
2024-07-31,South,C,Retail,Team2,123760.15701404758,81498.29543333645,42261.861580711135,869,0.14316891233002724,161,0.03307452249512081,32,117,4.255842237256626
2024-07-31,South,C,Retail,Team3,127110.84474697853,78284.77098293343,48826.0737640451,1462,0.1289782936341096,89,0.04397112707521608,34,101,3.5140544087257553
2024-07-31,East,A,Online,Team1,140133.58117002592,86275.78655563008,53857.79461439584,1036,0.08529627727328776,86,0.027122545730546687,22,142,3.79415782606158
2024-07-31,East,A,Online,Team2,140331.83488763127,103053.34173471105,37278.493152920215,1313,0.1317206673993123,100,0.05952305832362133,37,125,4.635041495593496
2024-07-31,East,A,Online,Team3,141188.19844241673,96599.32077339636,44588.87766902037,1237,0.10964835411943274,143,0.03558025033702484,35,134,3.8120919626338363
2024-07-31,East,A,Retail,Team1,141752.5068033086,88119.93272554553,53632.574077763085,1342,0.08369356805017218,125,0.05141518911328717,31,89,4.786261295513521
2024-07-31,East,A,Retail,Team2,132417.5136579518,93131.14166801726,39286.37198993453,1225,0.13764865586282732,71,0.04864102388734408,22,129,3.971327735526823
2024-07-31,East,A,Retail,Team3,138906.43060865265,100131.69769270896,38774.73291594369,1328,0.11901174027200159,190,0.02508130051251841,26,127,4.686760178157548
2024-07-31,East,B,Online,Team1,99551.1720911747,61815.2878849451,37735.884206229595,1454,0.13765365275242814,76,0.06689033886453093,30,84,3.521783195840097
2024-07-31,East,B,Online,Team2,107334.93492763826,75336.23046114565,31998.704466492607,1369,0.12787065162847402,75,0.07622653669518062,35,69,3.8247038111804756
2024-07-31,East,B,Online,Team3,111938.59588583201,72739.54295501811,39199.052930813894,1048,0.1300327293510762,62,0.033438952751904866,21,64,4.296634586197463
2024-07-31,East,B,Retail,Team1,113677.81188957707,84209.3768702252,29468.435019351877,1218,0.08537621338200951,196,0.033888805754779296,12,81,4.722238148627707
2024-07-31,East,B,Retail,Team2,105418.38480361871,70179.81314159924,35238.57166201947,1126,0.09787354616342708,114,0.046646914789779934,13,62,4.191159330893828
2024-07-31,East,B,Retail,Team3,104538.40175330857,71155.88632519524,33382.51542811333,1262,0.10766815208018105,117,0.053379680435424764,25,141,4.679423627663327
2024-07-31,East,C,Online,Team1,103808.70441310719,70355.45940864568,33453.24500446151,993,0.11899283592925246,185,0.05014563722998258,20,80,4.745553411595264
2024-07-31,East,C,Online,Team2,103309.20499396636,65401.63821278342,37907.56678118293,1382,0.1454012879917243,164,0.04277700586710022,38,106,3.8714094722581938
2024-07-31,East,C,Online,Team3,104640.89848360173,63460.29540546785,41180.603078133885,1222,0.13120475248301972,175,0.028786175396168966,14,143,4.2023854913274
2024-07-31,East,C,Retail,Team1,103000.85561728552,74850.71007242812,28150.145544857398,1293,0.08753299293319013,142,0.07490364395103334,19,67,3.8243540035875645
2024-07-31,East,C,Retail,Team2,97390.1351793364,71604.87472164682,25785.260457689583,805,0.10276478373933479,172,0.05356432554364142,19,60,4.426699794619242
2024-07-31,East,C,Retail,Team3,107811.5922936778,75953.72677228924,31857.86552138855,1251,0.09637278520305424,182,0.07143149942357532,33,119,4.072745586416
2024-07-31,West,A,Online,Team1,136248.16810903966,94406.56252389567,41841.60558514399,1314,0.14983359755759698,125,0.05957035889907962,10,67,3.6565038524258155
2024-07-31,West,A,Online,Team2,132955.3532587571,98490.59579108449,34464.75746767261,882,0.1420983522056589,118,0.038432985021276254,32,79,4.509177620770732
2024-07-31,West,A,Online,Team3,138734.02196238827,92443.72873397007,46290.2932284182,1385,0.1428575252793452,107,0.040432690128793816,18,74,4.360234287437144
2024-07-31,West,A,Retail,Team1,132524.54745837557,91490.62942450128,41033.91803387429,898,0.09644959942742841,134,0.07009683234166422,22,56,3.676097397833098
2024-07-31,West,A,Retail,Team2,140256.03832705997,103644.94428945241,36611.09403760756,853,0.09495886990992299,65,0.05443699196414062,27,148,3.5372481558509508
2024-07-31,West,A,Retail,Team3,136009.85310126506,93505.12269066786,42504.7304105972,1061,0.13471308354374795,97,0.061862978453197576,37,126,4.236079520478402
2024-07-31,West,B,Online,Team1,118145.72161006076,84204.57552290957,33941.146087151195,1374,0.08354011726769602,61,0.044629747643633276,20,66,3.788316571650014
2024-07-31,West,B,Online,Team2,112501.56596067797,72859.7477034024,39641.81825727556,1319,0.14512788941185278,85,0.04700351836557351,38,96,4.631894992094671
2024-07-31,West,B,Online,Team3,91465.0589033918,59466.93887207051,31998.120031321283,1027,0.12856638898771883,68,0.03297503169119173,30,113,3.8853096089378685
2024-07-31,West,B,Retail,Team1,104125.88971689098,76701.25460082246,27424.635116068515,1084,0.09044746288190317,119,0.04079352558899285,11,71,3.663235252228427
2024-07-31,West,B,Retail,Team2,107931.53940890434,74227.30371893934,33704.235689965004,1270,0.1361995846296882,111,0.07856196191601222,13,71,3.938504240396596
2024-07-31,West,B,Retail,Team3,104060.5039565797,67304.95888597882,36755.545070600885,1349,0.09683721096261041,128,0.06956388107289713,18,81,4.571655581424154
2024-07-31,West,C,Online,Team1,100481.65085734816,71411.56993134701,29070.080926001145,1476,0.08574165796480296,117,0.03623863651890594,11,126,4.790356334134092
2024-07-31,West,C,Online,Team2,104346.05387836222,65052.48397137849,39293.56990698373,934,0.08820961034603116,177,0.06570055257281976,30,110,4.32927243691885
2024-07-31,West,C,Online,Team3,97576.49653007087,67602.53963228698,29973.956897783894,943,0.1251402855970486,156,0.036736284564408604,20,134,4.513371711851282
2024-07-31,West,C,Retail,Team1,95676.51255020624,57638.40715802893,38038.10539217731,1105,0.09775088818974584,141,0.031700538826316946,24,141,4.515195163301917
2024-07-31,West,C,Retail,Team2,108301.27931755064,73292.43454578449,35008.84477176615,1330,0.08881686374655508,89,0.025596286806690193,20,116,3.9216281905569734
2024-07-31,West,C,Retail,Team3,112545.72193458799,78947.7359557748,33597.98597881319,981,0.1222205084086063,193,0.020324295420360194,31,79,3.991531000723686
2024-08-31,North,A,Online,Team1,142518.3621070846,92433.5525792468,50084.8095278378,1160,0.12565647471927086,96,0.023596598051678498,25,71,3.6586096376499557
2024-08-31,North,A,Online,Team2,138822.76318943105,97898.85277710033,40923.91041233072,1082,0.13139058813291524,138,0.07573157299073394,17,122,4.104938014121331
2024-08-31,North,A,Online,Team3,133745.7379065778,91244.25543676817,42501.48246980962,1207,0.11448193036552698,179,0.05982946849116351,23,115,3.565541805682872
2024-08-31,North,A,Retail,Team1,148657.0954356986,109048.54930539381,39608.54613030479,955,0.09161307170595503,152,0.05001671211246562,19,127,4.5917664578645345
2024-08-31,North,A,Retail,Team2,140417.84536767742,102427.98783784265,37989.85752983477,949,0.09002970210918487,85,0.07948721407056752,31,127,4.520200586372484
2024-08-31,North,A,Retail,Team3,137464.73720622953,102983.39733806417,34481.33986816536,1239,0.1354533836361173,197,0.0767554786419252,12,72,3.5014457224550437
2024-08-31,North,B,Online,Team1,102594.65831669355,71741.89895830731,30852.759358386233,903,0.08894422569529933,189,0.03941182474912949,22,136,4.223551957052799
2024-08-31,North,B,Online,Team2,103438.89618175474,67381.09400109494,36057.8021806598,1326,0.08660932283623367,103,0.07510385252489347,11,54,3.634464349318628
2024-08-31,North,B,Online,Team3,114675.74360003775,82219.42712232666,32456.316477711094,842,0.08000215031917678,80,0.039363594363598306,37,132,3.692682700729122
2024-08-31,North,B,Retail,Team1,103715.22411800794,63661.940910724734,40053.28320728321,1050,0.13765244945587327,182,0.05086767966439365,15,74,3.9992554299084304
2024-08-31,North,B,Retail,Team2,104298.73498332116,70089.49111781815,34209.24386550301,1407,0.09238278655767887,103,0.04664621341439712,38,103,4.63570408735838
2024-08-31,North,B,Retail,Team3,100270.84107728789,75136.48429676153,25134.35678052636,1357,0.1124669974809376,176,0.039616461460200515,24,50,4.023514837292928
2024-08-31,North,C,Online,Team1,113029.78008952271,73162.58464980956,39867.19543971315,1472,0.1242677379525856,157,0.061605327683378536,22,69,4.479513743857476
2024-08-31,North,C,Online,Team2,112709.26622405485,82382.46147264577,30326.804751409087,901,0.08647503065572747,190,0.060422104012529385,34,135,3.8997887341375934
2024-08-31,North,C,Online,Team3,114223.56247182141,72518.39238104413,41705.170090777276,999,0.14744359632320292,164,0.04870946420643135,20,126,4.203786747179669
2024-08-31,North,C,Retail,Team1,106806.43088309829,65462.17667493841,41344.25420815988,1010,0.1382692028387177,61,0.04844985777631919,32,127,3.562520003535646
2024-08-31,North,C,Retail,Team2,108900.99184576697,73887.35820240749,35013.633643359484,1074,0.12825172884718833,165,0.03846625431758895,19,141,4.667315881476858
2024-08-31,North,C,Retail,Team3,106101.96751106912,76551.36668605143,29550.600825017682,1242,0.08949818224545955,169,0.02447830586476573,16,110,4.795535353175677
2024-08-31,South,A,Online,Team1,162353.51082293055,105626.45145041271,56727.05937251783,1362,0.14379374330550415,95,0.06394330679585329,25,62,4.496485511088116
2024-08-31,South,A,Online,Team2,161045.2197226302,113587.78921607594,47457.43050655426,915,0.1272964031544951,124,0.07583854858111759,16,60,3.9810318813856607
2024-08-31,South,A,Online,Team3,164470.66361616793,106527.21835529682,57943.445260871114,1166,0.1041937495503481,103,0.04800368562607703,10,85,3.7158682779259973
2024-08-31,South,A,Retail,Team1,158547.92280894585,96581.95640412107,61965.96640482478,1147,0.14984245723071404,142,0.07235930433056333,23,138,4.039273352177758
2024-08-31,South,A,Retail,Team2,165217.386386248,110085.17280699065,55132.21357925734,1043,0.10778635810540049,113,0.06882340062333364,19,56,4.343395002007202
2024-08-31,South,A,Retail,Team3,151711.10579881514,112749.40137304559,38961.70442576955,968,0.09263627598746965,184,0.051515505126895,27,140,3.93950973217614
2024-08-31,South,B,Online,Team1,119600.94828811497,74678.72713325905,44922.22115485593,1443,0.09461816548462129,53,0.05314196826903406,39,99,4.6334869796646565
2024-08-31,South,B,Online,Team2,116177.31102544905,79761.21245154155,36416.0985739075,1091,0.11781952252311947,172,0.06070351313018078,23,67,3.7237118421884143
2024-08-31,South,B,Online,Team3,121785.22123604336,88962.9684577834,32822.252778259965,830,0.12169758769130706,66,0.05141980496327664,23,139,4.110889983643673
2024-08-31,South,B,Retail,Team1,126096.92988480105,85162.5414603303,40934.388424470744,1341,0.08561307297684793,115,0.05780558761169981,39,85,4.518510428064047
2024-08-31,South,B,Retail,Team2,121977.40865776646,75461.55272192594,46515.85593584052,1241,0.14914246773694317,139,0.030629211393357534,15,93,3.552371174411398
2024-08-31,South,B,Retail,Team3,120505.77399380346,79631.83309700433,40873.94089679913,900,0.10958592236522707,150,0.020629618468396668,19,82,3.6938830737216586
2024-08-31,South,C,Online,Team1,123642.58942197463,80525.58618806335,43117.00323391128,1045,0.08602924973445762,78,0.03682008515308475,39,64,4.293490743913826
2024-08-31,South,C,Online,Team2,127406.96274491418,76904.94862395711,50502.01412095707,971,0.08381957857978893,52,0.03135701875496057,27,87,3.781232610920075
2024-08-31,South,C,Online,Team3,117963.22783393894,85296.0412798081,32667.18655413085,1379,0.09395881184309746,162,0.05021281889071317,33,71,3.783626628471255
2024-08-31,South,C,Retail,Team1,120613.89477388478,89291.27733258384,31322.617441300943,1225,0.1349083831248958,134,0.04484846409293997,25,144,4.203447972342498
2024-08-31,South,C,Retail,Team2,114279.77685764078,79292.75100556786,34987.025852072926,1064,0.0814714774708352,199,0.023575225841188624,32,118,4.492799950155416
2024-08-31,South,C,Retail,Team3,123526.63250039032,83814.0808196467,39712.55168074362,1129,0.11800986928236884,171,0.024806343596576134,38,52,3.7397967663778484
2024-08-31,East,A,Online,Team1,136711.77208697997,83075.98854013467,53635.7835468453,1422,0.1398364045159483,142,0.04899765709797951,17,57,4.590890590491978
2024-08-31,East,A,Online,Team2,132824.32314013303,82590.03181732199,50234.29132281104,1490,0.08434289918695881,94,0.05319743837738,25,126,4.792956585745838
2024-08-31,East,A,Online,Team3,135862.135022128,83831.16212501176,52030.97289711624,1126,0.08686053793465187,151,0.06934034668741085,31,73,4.182369982743589
2024-08-31,East,A,Retail,Team1,135109.04687789368,90209.47043494154,44899.57644295214,1065,0.14621796228919193,159,0.04725670380738935,26,138,4.71800622285048
2024-08-31,East,A,Retail,Team2,143024.95289423078,89377.89892632604,53647.053967904736,970,0.1283508420579284,74,0.028553393301986935,22,92,4.22115134426706
2024-08-31,East,A,Retail,Team3,144681.37831877556,88474.64631993641,56206.731998839154,1243,0.09189108160831334,141,0.058509171008086114,36,81,4.136537298841643
2024-08-31,East,B,Online,Team1,105193.44719016354,68407.90261625567,36785.54457390787,1048,0.08688969323709582,116,0.0780681642589091,15,129,4.7521067351845865
2024-08-31,East,B,Online,Team2,106679.07919355591,65843.71876407567,40835.360429480235,1228,0.09658467957277064,74,0.023058492621346544,27,131,4.3808095467389085
2024-08-31,East,B,Online,Team3,99979.99351809452,73821.74216597783,26158.251352116684,1294,0.11059360652895314,160,0.040996271214242846,20,68,4.790269006210563
2024-08-31,East,B,Retail,Team1,120225.1839520758,76475.3089075234,43749.87504455239,813,0.13814359323022538,100,0.06438097386578649,31,72,3.521678557536791
2024-08-31,East,B,Retail,Team2,109652.83302268868,70276.23719910577,39376.5958235829,1498,0.10604841506691891,77,0.06824993389903304,38,98,4.744356052575005
2024-08-31,East,B,Retail,Team3,104391.95544072989,76573.66106616717,27818.294374562713,926,0.10910729976128877,129,0.06054567757371343,39,136,4.239117932285995
2024-08-31,East,C,Online,Team1,107828.66680432459,77133.9435753794,30694.723228945193,1484,0.08931068592351302,134,0.0460431305648574,30,74,4.031810693225339
2024-08-31,East,C,Online,Team2,104249.33624939855,68091.13966587457,36158.19658352398,1426,0.12684533209474066,156,0.04510337200270001,39,126,4.2719148215264875
2024-08-31,East,C,Online,Team3,101098.58198088565,67812.98348408252,33285.598496803126,1265,0.08484074974029508,96,0.021511945689264178,19,56,4.514276443096323
2024-08-31,East,C,Retail,Team1,108317.73370289084,74152.58071070815,34165.15299218269,1445,0.10313927016144035,158,0.04474418362807196,30,139,4.1671276069666465
2024-08-31,East,C,Retail,Team2,106144.86626727188,68738.97188036368,37405.8943869082,1428,0.08426501052045039,77,0.05082247131291829,34,107,3.5084036651266235
2024-08-31,East,C,Retail,Team3,101686.11586266918,68580.76536967255,33105.35049299663,1048,0.09698047862516776,183,0.02143677591622901,23,115,4.723916508757885
2024-08-31,West,A,Online,Team1,138534.3597374213,85020.37890779883,53513.980829622466,945,0.13000898710293485,165,0.04444193145276994,22,84,4.6655470560097125
2024-08-31,West,A,Online,Team2,132603.91818277087,83466.75995017264,49137.15823259823,1228,0.11461647875842855,175,0.054627024943274385,34,65,4.276028790437124
2024-08-31,West,A,Online,Team3,137612.58899563074,98046.07837667811,39566.51061895263,1298,0.09790205910838103,91,0.03084710903374277,11,129,3.7582379499666274
2024-08-31,West,A,Retail,Team1,145659.91869286975,92789.52740097554,52870.39129189421,1345,0.11051966263994101,94,0.05527949776782996,35,119,4.300047013767086
2024-08-31,West,A,Retail,Team2,139456.26874955447,88150.19616326166,51306.07258629281,1399,0.10802189853210958,122,0.05629036576175486,13,112,4.6225238633866566
2024-08-31,West,A,Retail,Team3,132632.4618739795,85723.0580261736,46909.40384780591,953,0.14529270573422193,65,0.03996685213764773,34,101,4.419119882554368
2024-08-31,West,B,Online,Team1,112322.41376804284,82319.64801559997,30002.765752442865,1404,0.14522182823215557,158,0.06320944765585641,18,57,4.330035420238876
2024-08-31,West,B,Online,Team2,109811.84145808339,71153.84323706165,38657.99822102174,1320,0.0896340814078853,60,0.03323906357730491,38,91,4.616845284940991
2024-08-31,West,B,Online,Team3,117249.06047892963,74553.9826260916,42695.07785283803,872,0.1332003881473469,179,0.06082876775146244,37,72,4.306482627760837
2024-08-31,West,B,Retail,Team1,107003.41409478741,77102.73160934549,29900.682485441925,950,0.10701576576558491,138,0.029113170340197815,29,104,3.6699325206666846
2024-08-31,West,B,Retail,Team2,112973.81430938469,77529.30655201848,35444.50775736621,905,0.13082778815412457,148,0.04564799169000135,31,133,4.468779165498085
2024-08-31,West,B,Retail,Team3,111473.23593786937,70766.96722663824,40706.268711231125,1266,0.11663850295472303,111,0.0670032331997503,33,117,4.533575422887971
2024-08-31,West,C,Online,Team1,112594.1282685321,69974.34620379287,42619.78206473924,1266,0.1469404317059353,56,0.02153418794538408,26,138,4.674222536623669
2024-08-31,West,C,Online,Team2,103281.69193316618,66111.88052130642,37169.81141185976,1490,0.09739778746491982,129,0.06852957940950104,19,66,3.8932062126999103
2024-08-31,West,C,Online,Team3,104175.09044483962,73292.22101870716,30882.869426132456,1014,0.13973304515911514,175,0.03989701094647004,26,95,4.33944255635637
2024-08-31,West,C,Retail,Team1,109116.06187228509,73826.35196971764,35289.709902567454,914,0.101423301636014,77,0.06814376183321795,15,110,3.678490042530241
2024-08-31,West,C,Retail,Team2,106355.50407940905,74379.40917885899,31976.09490055006,1021,0.1460501900824624,69,0.037366453698092494,31,108,4.544218376064248
2024-08-31,West,C,Retail,Team3,108703.27068206071,81308.35799501376,27394.912687046948,1468,0.13193844106597902,105,0.05881023373558286,12,52,3.7195160023815133
2024-09-30,North,A,Online,Team1,140765.98495500846,94499.2120795435,46266.77287546496,1029,0.08617065106956512,136,0.03009671531046277,20,91,4.213582521132093
2024-09-30,North,A,Online,Team2,139648.7850560087,87752.4154153585,51896.3696406502,1283,0.12044795800580049,176,0.048632004765077674,25,54,4.775614076692101
2024-09-30,North,A,Online,Team3,136573.5996902833,96399.83473681872,40173.764953464575,1116,0.105408798828271,66,0.03825451182963174,29,72,4.295611088947291
2024-09-30,North,A,Retail,Team1,128412.50564435171,82947.43516036475,45465.07048398696,1297,0.08330376911881653,119,0.04098776370845551,27,85,3.8029946554580856
2024-09-30,North,A,Retail,Team2,145216.4830242975,105938.71951052485,39277.76351377263,1287,0.10751852587449554,165,0.05265544022091505,10,83,3.979877051951966
2024-09-30,North,A,Retail,Team3,147652.40392447944,96502.48837130795,51149.91555317149,1148,0.1164380686113401,87,0.023787794552477988,36,103,4.116208145732979
2024-09-30,North,B,Online,Team1,113381.93769804433,77044.08885703879,36337.84884100554,1139,0.10955345637164746,71,0.03174275840597894,25,99,4.343371248063524
2024-09-30,North,B,Online,Team2,107289.55062455167,71116.39218784228,36173.15843670939,1072,0.09938089786444086,179,0.07584944449940685,16,147,4.470271749607214
2024-09-30,North,B,Online,Team3,112293.09199038008,71748.60350700018,40544.4884833799,1247,0.10415117879471963,154,0.05424568885754441,18,118,4.620698985349576
2024-09-30,North,B,Retail,Team1,105659.67998754627,65066.37130999642,40593.30867754985,1411,0.11590855448746351,71,0.06933368675462064,38,87,4.45271694353138
2024-09-30,North,B,Retail,Team2,109866.6207224888,69740.71532318834,40125.90539930046,1312,0.08833984703972338,53,0.03453047902084823,36,92,4.467237154451979
2024-09-30,North,B,Retail,Team3,111151.96236016028,78545.55024019865,32606.412119961635,905,0.08774225192112126,119,0.026481737449494756,11,136,4.47533903231351
2024-09-30,North,C,Online,Team1,111939.50700863829,68526.52669616397,43412.98031247432,1493,0.10388711148304045,88,0.06890432604054841,26,128,4.505138551636385
2024-09-30,North,C,Online,Team2,100874.18401968868,70686.3902468015,30187.793772887177,870,0.11382624531128047,155,0.053745762447075254,15,135,4.517250187694382
2024-09-30,North,C,Online,Team3,106798.86066863776,77903.18567204678,28895.674996590984,1273,0.10419057101095691,125,0.07724253590468515,33,100,3.523757590640558
2024-09-30,North,C,Retail,Team1,112580.25661559156,82816.3224706271,29763.934144964456,1210,0.08004185571843567,114,0.07708381171874637,26,73,4.198860013400336
2024-09-30,North,C,Retail,Team2,106531.30956720962,64900.34065938354,41630.968907826085,1410,0.10542909574792297,71,0.07864977549253359,39,78,4.45863292760553
2024-09-30,North,C,Retail,Team3,101558.9719650874,69116.58775324852,32442.384211838886,1342,0.10375259849589977,195,0.03785901665409683,26,87,3.916521671982279
2024-09-30,South,A,Online,Team1,163521.84931773288,101117.77112956175,62404.07818817113,1367,0.09985255463919954,106,0.024232138255577393,12,50,4.5676252009276155
2024-09-30,South,A,Online,Team2,158447.24034145757,108012.632984628,50434.60735682957,1120,0.1468813734006647,70,0.07157872072115638,21,110,4.127706656733136
2024-09-30,South,A,Online,Team3,159589.93411396083,115776.61446699897,43813.319646961856,970,0.08100668651889072,72,0.07884762832487509,30,120,4.154820903209292
2024-09-30,South,A,Retail,Team1,159995.03403072403,117078.34680358539,42916.68722713864,1251,0.13281758411317224,65,0.02959278580198648,28,51,3.7178365010958583
2024-09-30,South,A,Retail,Team2,161373.56874376282,116102.8096020572,45270.759141705625,1139,0.1264353773810277,107,0.025246790107993126,27,55,4.037571489376947
2024-09-30,South,A,Retail,Team3,151357.47893280972,91718.35122576516,59639.127707044565,1209,0.09469283407103615,128,0.07721795646978137,35,146,3.5560301416328213
2024-09-30,South,B,Online,Team1,122011.60153192698,90552.97874645694,31458.62278547004,929,0.13344610905677484,146,0.050488503119911654,15,129,4.507804900568773
2024-09-30,South,B,Online,Team2,118079.84720888721,76915.87373235216,41163.973476535044,878,0.12399964804530983,83,0.04701694902989155,18,72,4.469432966066224
2024-09-30,South,B,Online,Team3,126697.26971178065,93579.99053224131,33117.27917953934,1416,0.10343523293234755,63,0.06028436435862421,15,59,3.693058816136785
2024-09-30,South,B,Retail,Team1,128472.65108694258,88578.04662183355,39894.604465109034,925,0.09692867367907472,146,0.03180129183876938,24,91,4.233713994440686
2024-09-30,South,B,Retail,Team2,124691.0856555222,84654.32144819191,40036.764207330285,1373,0.13767983563159847,113,0.04814244485108923,27,107,3.734206242052405
2024-09-30,South,B,Retail,Team3,127458.60540353844,78575.61313152664,48882.992272011805,998,0.10891751784090009,138,0.06103220749454191,31,112,4.248521621606735
2024-09-30,South,C,Online,Team1,126253.88126825384,82577.50071236902,43676.380555884825,916,0.1070765069436316,137,0.028829795065696717,33,146,3.6166873507282045
2024-09-30,South,C,Online,Team2,127538.13164911252,93947.64099772241,33590.49065139011,929,0.10780900309883218,111,0.0687395708148237,13,130,3.6449339941904166
2024-09-30,South,C,Online,Team3,133377.8573001717,94325.40104779924,39052.456252372445,1140,0.11826740854281181,123,0.05207355314937852,27,91,3.7160981706671565
2024-09-30,South,C,Retail,Team1,132095.3424055404,97416.79767745928,34678.54472808112,881,0.09408846516941308,63,0.06558941950570331,13,131,4.1526106570609365
2024-09-30,South,C,Retail,Team2,132357.914753722,80497.01160896473,51860.90314475726,1004,0.09799438845324461,64,0.032994751137634455,32,68,3.6132420762998643
2024-09-30,South,C,Retail,Team3,132798.48596167157,89387.67896730122,43410.806994370345,953,0.10394928200783264,141,0.05745444421985109,30,52,3.957144834044477
2024-09-30,East,A,Online,Team1,141115.24384939476,100802.31421852928,40312.929630865474,976,0.10185343186504715,180,0.0460216598792228,105,148,4.781498724461463
2024-09-30,East,A,Online,Team2,144648.05994258105,103957.4966314511,40690.563311129954,1429,0.12362472611476048,95,0.052675726922644966,103,110,4.468272598188887
2024-09-30,East,A,Online,Team3,138552.3457687182,84430.47996719524,54121.86580152296,943,0.1115245270046555,141,0.057152259037529296,99,129,4.36021499912575
2024-09-30,East,A,Retail,Team1,140191.9577113447,88723.13142557417,51468.82628577053,1465,0.09428450719826204,75,0.02161205924269612,99,112,3.637963261138294
2024-09-30,East,A,Retail,Team2,128575.48787304692,88970.73864038239,39604.74923266453,1419,0.11325702384842043,189,0.07772612624990165,112,62,4.303778038381225
2024-09-30,East,A,Retail,Team3,143957.5799513437,101072.74010920346,42884.83984214025,1081,0.11576795201315435,97,0.020056604916057867,81,122,3.965349552892594
2024-09-30,East,B,Online,Team1,102653.9467151942,63722.97431727455,38930.97239791964,929,0.09072011500587693,95,0.056015084605974985,91,89,4.500670609714213
2024-09-30,East,B,Online,Team2,100081.7508741975,74692.16713732861,25389.583736868895,1138,0.10391487788834212,183,0.049835233195452674,115,71,3.6406015189453638
2024-09-30,East,B,Online,Team3,109808.9288113087,71252.1245695201,38556.80424178859,870,0.1188848096118742,68,0.040400263163593526,106,102,3.614574760269699
2024-09-30,East,B,Retail,Team1,113422.14788692199,81269.21081566426,32152.937071257722,1242,0.12762690896337653,192,0.045820791942332025,84,72,4.525729697912574
2024-09-30,East,B,Retail,Team2,108776.4992074122,77470.88505058094,31305.61415683126,1066,0.12930347211700263,155,0.06001564684752084,114,63,3.8446056696401443
2024-09-30,East,B,Retail,Team3,98828.04346859708,69617.32674228805,29210.716726309038,1163,0.08649003675671889,83,0.02316960118188332,96,66,4.529458720934448
2024-09-30,East,C,Online,Team1,107610.03301707472,65491.09446311192,42118.9385539628,1196,0.12951983926133526,134,0.057031653627017995,83,131,4.445920479009596
2024-09-30,East,C,Online,Team2,114854.49594154886,84807.47598615018,30047.019955398675,880,0.13047926501497764,55,0.03152140214818067,90,112,3.5321943408489966
2024-09-30,East,C,Online,Team3,105277.3892065284,67582.34075466053,37695.04845186787,1435,0.11635188848496122,59,0.0687888593100791,87,85,3.610456176856306
2024-09-30,East,C,Retail,Team1,100575.56050878056,66926.68959835824,33648.87091042232,1325,0.1399200752425207,135,0.05349027103342645,109,88,4.6614261478143835
2024-09-30,East,C,Retail,Team2,100425.37862314974,71171.91153204316,29253.467091106577,1093,0.08256990604381467,93,0.03895982846751364,89,111,3.5156039354544872
2024-09-30,East,C,Retail,Team3,103994.66504800088,71020.26870388282,32974.39634411807,1041,0.08441744583808823,100,0.0251241818097633,87,70,4.173413560788927
2024-09-30,West,A,Online,Team1,133565.70818359588,89826.23953156294,43739.46865203294,1242,0.13481001619430413,106,0.04740906827336811,21,97,3.6485082801688145
2024-09-30,West,A,Online,Team2,143362.83636923664,91508.92890632234,51853.9074629143,979,0.10645958270383071,75,0.047975196891670124,32,147,4.022999153797084
2024-09-30,West,A,Online,Team3,130876.30560282631,92642.27746092303,38234.02814190328,1254,0.11065299210000386,51,0.035744502589358115,10,147,4.301726519940809
2024-09-30,West,A,Retail,Team1,134297.37912640977,97918.88365322846,36378.495473181305,1201,0.10326986845220557,137,0.05703317497966749,39,93,3.8007649349372317
2024-09-30,West,A,Retail,Team2,141330.06689099548,95750.29195177207,45579.77493922341,1324,0.1290605988070716,117,0.07089088989679683,27,143,4.126622541710012
2024-09-30,West,A,Retail,Team3,145702.96167991182,103983.32037868864,41719.64130122318,1109,0.09188314409749786,189,0.0754785074677182,30,57,3.7234863250452355
2024-09-30,West,B,Online,Team1,101820.81129323888,62068.13023769901,39752.68105553986,1138,0.10402928423451138,139,0.050918311279662606,35,125,4.6781035752656805
2024-09-30,West,B,Online,Team2,108871.87692837509,77464.00357150263,31407.873356872456,1393,0.10638903171007891,51,0.02063306734701139,16,75,4.60623746922884
2024-09-30,West,B,Online,Team3,106629.11243317788,75912.13834608748,30716.974087090406,1128,0.10844915756018131,190,0.05892097720144186,19,101,4.310556904621539
2024-09-30,West,B,Retail,Team1,107545.35913588162,66645.12729645103,40900.23183943059,977,0.1391479597548071,176,0.060185267073094864,37,81,3.887408914351882
2024-09-30,West,B,Retail,Team2,102779.29488821074,67418.07594687355,35361.218941337196,810,0.1287056476858522,134,0.048113419675468075,22,140,4.6014502329515405
2024-09-30,West,B,Retail,Team3,109898.01050893127,69334.7484393205,40563.26206961078,1434,0.09424744117208275,117,0.07031653325203774,30,74,3.5114103755323085
2024-09-30,West,C,Online,Team1,100438.62203629463,60826.588549521395,39612.03348677324,1320,0.11768541714707159,77,0.06977394988570211,14,147,4.716012836568138
2024-09-30,West,C,Online,Team2,103503.12936422673,73768.07734479685,29735.052019429873,1417,0.11416822804036145,107,0.04180423591996562,19,87,3.858236809201932
2024-09-30,West,C,Online,Team3,114173.75957022398,81611.11161871214,32562.64795151184,1106,0.09433616863393467,170,0.03413529369468065,24,54,4.018863930578456
2024-09-30,West,C,Retail,Team1,102840.22378952782,65441.201318811545,37399.02247071628,1321,0.10131432970478213,53,0.07511129616623106,25,85,4.769602928509512
2024-09-30,West,C,Retail,Team2,114060.79344275166,75870.91803314409,38189.87540960757,1372,0.1395352959830018,112,0.059215206202665197,11,127,4.011881684035028
2024-09-30,West,C,Retail,Team3,105534.27572122926,72948.63750260636,32585.638218622902,1228,0.09697809936080795,77,0.03369987514211665,21,118,3.876017073665569
2024-10-31,North,A,Online,Team1,148991.02244193704,92037.08231310951,56953.940128827526,1050,0.08401742905817915,139,0.055868480804090834,15,450,4.045135084545075
2024-10-31,North,A,Online,Team2,135882.69184050008,95819.66921639061,40063.022624109464,998,0.09794891193892592,98,0.06150320684808133,32,425,3.549921140524248
2024-10-31,North,A,Online,Team3,142470.2403885089,94473.51011451319,47996.730273995694,1409,0.13997847448062234,173,0.04158319171461618,34,410,4.432571578947277
2024-10-31,North,A,Retail,Team1,141488.15794729168,94306.73887150318,47181.41907578849,1263,0.11325758554522847,162,0.024993383972484337,34,423,3.5893800783492336
2024-10-31,North,A,Retail,Team2,130706.53593885421,95633.05918311022,35073.47675574399,1214,0.09544988101610931,133,0.023276618192808143,37,315,4.16639981733416
2024-10-31,North,A,Retail,Team3,148298.17831121862,95449.38312604741,52848.79518517121,836,0.14005004484622421,94,0.03156058378920202,39,463,3.8872172179072746
2024-10-31,North,B,Online,Team1,108235.94441466322,68634.8195807078,39601.124833955415,1227,0.08527110035189288,83,0.06923267886475923,32,309,4.093749770751592
2024-10-31,North,B,Online,Team2,116541.23701592503,75680.08368586506,40861.15333005997,1030,0.14237980642554565,187,0.035284922440203134,36,487,4.417299896219581
2024-10-31,North,B,Online,Team3,103669.33364263346,77151.98089958867,26517.352743044787,877,0.09290109778650693,98,0.021310802719172107,14,357,3.674763455580415
2024-10-31,North,B,Retail,Team1,109306.06185697379,73252.34190135293,36053.71995562085,1244,0.14550782933819761,112,0.037415306322351766,27,460,3.645514951575226
2024-10-31,North,B,Retail,Team2,115166.07351969379,82781.25329865936,32384.82022103443,1177,0.09756114302012774,144,0.07324547212222161,10,370,3.936561274033995
2024-10-31,North,B,Retail,Team3,118867.04795124232,82286.95766231898,36580.09028892334,926,0.08400656854617666,165,0.04716948831705961,31,324,4.746533435147533
2024-10-31,North,C,Online,Team1,110218.28611851358,70802.30260534293,39415.98351317065,1404,0.13765519163271636,146,0.07992757614893926,12,469,4.252104363664591
2024-10-31,North,C,Online,Team2,103548.95796600287,63411.913917835285,40137.04404816758,1122,0.1311001204756603,104,0.024460076533164288,21,408,4.630585720346762
2024-10-31,North,C,Online,Team3,118117.45734649722,77831.89216130106,40285.56518519616,1172,0.11995977553951331,136,0.06765094071903101,38,365,4.718931713945272
2024-10-31,North,C,Retail,Team1,107810.49624115413,75678.19416607033,32132.302075083804,917,0.09130133802230447,91,0.07654228636810488,18,316,3.5312536085763693
2024-10-31,North,C,Retail,Team2,118641.86782904461,84509.16858584453,34132.699243200084,1222,0.14070241481159465,130,0.07295692745103474,17,472,3.572418886949819
2024-10-31,North,C,Retail,Team3,110747.76050812533,68595.34327473457,42152.41723339076,1469,0.11488331198059659,78,0.03363566321357974,28,451,4.403461173057918
2024-10-31,South,A,Online,Team1,166482.90752795525,115156.43498053473,51326.47254742052,1328,0.13962921480872215,148,0.020819701128236567,10,378,3.537627611766377
2024-10-31,South,A,Online,Team2,165142.78040412176,105022.03392847594,60120.74647564582,1499,0.1355810115186174,76,0.04052416607945332,21,447,3.809776571719019
2024-10-31,South,A,Online,Team3,165226.05433770042,105600.4963557123,59625.557981988124,895,0.1253808269109161,173,0.05077177276261947,25,473,3.6034866000902572
2024-10-31,South,A,Retail,Team1,157384.40886028565,111120.23065759106,46264.17820269459,1478,0.14107639662805538,131,0.07207877760385417,31,461,3.9836566381558693
2024-10-31,South,A,Retail,Team2,164641.46987927437,108527.03193928316,56114.437939991214,1293,0.08870953207963254,84,0.053021076730325065,23,457,4.66422246313605
2024-10-31,South,A,Retail,Team3,160661.1524423073,119691.48746321104,40969.664979096255,1208,0.14223085330776716,199,0.03600632381743543,25,447,3.799414992087741
2024-10-31,South,B,Online,Team1,129063.15311532938,78365.47909982456,50697.67401550482,1417,0.10245135076180999,91,0.03856817294531606,21,402,4.034447442093303
2024-10-31,South,B,Online,Team2,123987.9918893282,82663.65175912571,41324.34013020249,907,0.14883385378899586,120,0.06087692663194602,28,418,3.5100966348001594
2024-10-31,South,B,Online,Team3,128650.99337082797,82560.50767059348,46090.485700234494,1217,0.13891354052799418,127,0.06888762005141952,14,459,3.7828643219111378
2024-10-31,South,B,Retail,Team1,126973.16263803259,78731.83270707956,48241.32993095303,873,0.08833149131451988,125,0.04901299104742214,26,306,3.8301801793891297
2024-10-31,South,B,Retail,Team2,122037.2219311806,87140.58474311384,34896.63718806676,1076,0.10736421987888135,53,0.0722951529717444,12,302,4.077714303986404
2024-10-31,South,B,Retail,Team3,131670.16879986168,84992.09865374386,46678.070146117825,1487,0.10218328964044374,105,0.050355548008783634,17,367,4.470584166037465
2024-10-31,South,C,Online,Team1,124215.35596157519,86372.5018226911,37842.85413888408,1388,0.1086427811220942,101,0.03056148530246803,36,321,3.895323026762669
2024-10-31,South,C,Online,Team2,123699.84021637087,89279.6239301403,34420.21628623057,1026,0.1371264647039983,189,0.06362111162084803,29,402,4.78357901400586
2024-10-31,South,C,Online,Team3,130406.81163287653,90170.08804499972,40236.72358787681,919,0.11205742501426748,106,0.06510788981521598,25,427,3.8570656307242768
2024-10-31,South,C,Retail,Team1,121231.5385933007,81366.39434664679,39865.144246653916,1316,0.11627958044820977,175,0.07334003664887995,33,437,4.321239143824559
2024-10-31,South,C,Retail,Team2,123730.50805837211,78560.06096722603,45170.44709114608,865,0.14507547253909298,69,0.03936858760687102,27,452,4.2201733333861045
2024-10-31,South,C,Retail,Team3,127136.56689925719,81964.08519830384,45172.48170095334,1356,0.14073914685434674,174,0.03824743096808217,23,369,3.8923400726195014
2024-10-31,East,A,Online,Team1,142978.2385192522,95194.53270917771,47783.705810074476,1168,0.1384027357024579,98,0.05878444251368534,31,413,4.187319515849269
2024-10-31,East,A,Online,Team2,145679.27814827027,88158.76627541485,57520.51187285542,965,0.08596878391281743,86,0.046100875660413404,19,378,3.673441236180169
2024-10-31,East,A,Online,Team3,146672.23687754458,91597.27650868613,55074.96036885845,1157,0.09018608379511514,51,0.05169135570538137,18,358,4.683864493999055
2024-10-31,East,A,Retail,Team1,144930.03093557278,96429.31346447393,48500.71747109885,1100,0.1319609129713761,140,0.038944604149042224,22,454,3.78582054327967
2024-10-31,East,A,Retail,Team2,146294.99378628426,90707.30474334677,55587.68904293749,1252,0.14600879488497948,102,0.07009842714097773,35,347,3.646254069684621
2024-10-31,East,A,Retail,Team3,141065.41097985022,100211.18377395005,40854.22720590017,1148,0.14007447536839207,88,0.07986033579587955,12,363,4.283760747387066
2024-10-31,East,B,Online,Team1,100302.99014031632,60507.46126314501,39795.52887717132,963,0.13752875259270317,131,0.07275946780175364,12,334,4.345243316379349
2024-10-31,East,B,Online,Team2,103737.59961501796,77530.61745528204,26206.98215973591,1080,0.13262562111570794,133,0.02239687839716566,28,429,4.574307405080722
2024-10-31,East,B,Online,Team3,107135.29739784932,65166.6763421575,41968.62105569182,1057,0.1124535452040415,59,0.03651020674928408,13,384,3.585871900168808
2024-10-31,East,B,Retail,Team1,118241.75314633714,88194.77787345201,30046.97527288513,1488,0.1486731403578126,182,0.04131703845421536,38,389,4.429919003687877
2024-10-31,East,B,Retail,Team2,104497.0482373197,64661.486533038435,39835.56170428127,922,0.0871770438759461,193,0.05586094013140755,29,346,4.658081792776524
2024-10-31,East,B,Retail,Team3,103336.0752436613,68961.91511512212,34374.16012853918,1110,0.11457854043981315,115,0.060245901526582143,15,389,3.818051570986127
2024-10-31,East,C,Online,Team1,114867.21138316224,84033.18415501667,30834.02722814557,1408,0.1185399444178955,113,0.04003414829159324,17,414,4.320364211251286
2024-10-31,East,C,Online,Team2,107637.27639319097,64985.74862141482,42651.52777177615,1047,0.08341364231691983,107,0.056345223831256064,27,392,4.21041926933299
2024-10-31,East,C,Online,Team3,110002.2575217016,75611.73051065172,34390.52701104988,1391,0.14087315204125833,158,0.031054919094360454,31,370,4.26413798418319
2024-10-31,East,C,Retail,Team1,107404.15042698705,77981.02256770631,29423.127859280736,1413,0.08343032514798915,63,0.0798991253942574,34,372,3.8692759057525574
2024-10-31,East,C,Retail,Team2,100843.6275221592,73188.2656360678,27655.3618860914,1020,0.12726615862934262,184,0.06136502803227947,18,326,4.402022110438452
2024-10-31,East,C,Retail,Team3,106982.63470003499,69097.09109462028,37885.543605414714,872,0.14010200748877488,178,0.024644693119085036,19,479,3.9462912599544633
2024-10-31,West,A,Online,Team1,146608.90473477903,95053.69626351126,51555.208471267775,1364,0.13470234621282964,131,0.0700674951713658,21,449,4.471776827770456
2024-10-31,West,A,Online,Team2,133470.38076776994,97116.77468522503,36353.60608254491,1167,0.10099569428586445,178,0.021980716154019635,22,404,3.7164546111643695
2024-10-31,West,A,Online,Team3,137474.23020786923,87338.40803471564,50135.82217315359,1291,0.08336552779405151,126,0.03270286232887825,19,334,4.768911831459443
2024-10-31,West,A,Retail,Team1,144466.94491537215,91497.04377976524,52969.90113560691,815,0.13276041235934907,193,0.054435748167378936,11,310,4.582501870254246
2024-10-31,West,A,Retail,Team2,146107.92492194285,108003.29011714828,38104.634804794565,1196,0.148886262477656,152,0.07436825216764877,27,498,3.828019567542869
2024-10-31,West,A,Retail,Team3,141629.39639033287,104422.43210090877,37206.9642894241,806,0.1415122566573851,150,0.07683799996520402,11,426,3.719374269917698
2024-10-31,West,B,Online,Team1,108753.97541913317,80679.92690001462,28074.048519118558,827,0.11646200478904754,105,0.024262245284200474,39,353,3.936387120835694
2024-10-31,West,B,Online,Team2,111445.41939075373,76472.43473154676,34972.984659206966,1391,0.10960604806190904,114,0.026433343652509246,28,321,4.088076786968541
2024-10-31,West,B,Online,Team3,112613.60489726577,76774.02577965455,35839.579117611225,867,0.1446611977113743,195,0.052236540420082286,30,399,4.387472498201587
2024-10-31,West,B,Retail,Team1,111483.0769148368,77403.82653288818,34079.250381948616,838,0.08719377698548472,139,0.04733400691940653,25,487,4.240346436074149
2024-10-31,West,B,Retail,Team2,111504.15795502107,78180.47534549811,33323.68260952296,858,0.12799562244856394,152,0.027908409793800763,28,301,3.6391378744743497
2024-10-31,West,B,Retail,Team3,104607.63099328971,75014.6443050994,29592.986688190314,1028,0.13719749694167327,181,0.05783811769898482,16,313,4.069094571484567
2024-10-31,West,C,Online,Team1,114345.72131967958,84664.6004686375,29681.120851042084,873,0.14583480389591075,118,0.07248461897939396,18,476,3.828688620897376
2024-10-31,West,C,Online,Team2,105132.81254066172,64140.76061396931,40992.05192669241,808,0.09900016049932372,78,0.05799072049374633,23,452,3.8342980564418245
2024-10-31,West,C,Online,Team3,116249.26759886676,72297.1033707533,43952.164228113455,971,0.14287025113740703,124,0.059136866769106775,28,413,4.274856674120941
2024-10-31,West,C,Retail,Team1,101869.38815619414,62763.521201719246,39105.86695447489,1228,0.12057177091888718,69,0.06918062016682754,34,356,3.7748606353985843
2024-10-31,West,C,Retail,Team2,113262.34321716477,84359.75212190066,28902.591095264113,1319,0.11520128640459093,182,0.028144751185994063,22,436,3.5802911021772594
2024-10-31,West,C,Retail,Team3,102854.08201099794,73042.08402047213,29811.997990525808,1378,0.08701084982547369,78,0.0689573473649124,34,329,3.6202871206767346
2024-11-30,North,A,Online,Team1,135698.6599270822,91892.99776624097,43805.662160841224,1490,0.0916576959448089,93,0.02826404593326852,32,58,3.5240906036726334
2024-11-30,North,A,Online,Team2,133942.73958118734,83251.1998748568,50691.53970633054,971,0.08842647046538737,96,0.07572580527232954,27,126,4.595829127193056
2024-11-30,North,A,Online,Team3,151880.43640190034,107801.83445059927,44078.60195130107,1482,0.10525644179646018,79,0.024241796491061972,15,104,3.8898365489772844
2024-11-30,North,A,Retail,Team1,140696.12493134176,85143.73467599606,55552.3902553457,1112,0.13712397299800264,102,0.040686186013992445,37,107,4.658328187857375
2024-11-30,North,A,Retail,Team2,145958.8441177894,93022.42624747005,52936.41787031936,1153,0.10921680592603313,134,0.057606231165033314,29,95,4.33683574822243
2024-11-30,North,A,Retail,Team3,147316.85230920173,94514.31641850961,52802.53589069212,1425,0.10416851864399371,174,0.039200966785243506,17,147,3.711264384886693
2024-11-30,North,B,Online,Team1,108671.89089109733,77630.21972999696,31041.67116110037,1127,0.12828538731190062,89,0.05792720731493908,36,111,4.182700062345117
2024-11-30,North,B,Online,Team2,115182.57791752218,72558.61085444388,42623.96706307831,1212,0.1095880633760198,82,0.04656162211804615,28,146,3.802924653715885
2024-11-30,North,B,Online,Team3,111781.26394353043,70602.6632131579,41178.600730372535,1444,0.11081262300880351,166,0.0697963755927466,35,54,3.8357905578658698
2024-11-30,North,B,Retail,Team1,116307.59626267759,84910.56314734857,31397.033115329017,1472,0.1178866750103681,146,0.04927401171675811,27,79,4.685246202844122
2024-11-30,North,B,Retail,Team2,110347.69554446556,73516.45840286705,36831.23714159851,1221,0.10036995726952641,183,0.06804908599158502,15,137,4.272377308920817
2024-11-30,North,B,Retail,Team3,119508.17885415987,84599.25318748783,34908.92566667203,1245,0.09720730109158023,119,0.06990347787830538,31,55,4.132876675523608
2024-11-30,North,C,Online,Team1,110912.5799829068,81498.5809887213,29413.998994185502,1254,0.0904605380962806,138,0.0573772426510029,18,59,4.511380463042218
2024-11-30,North,C,Online,Team2,112895.0805389722,71470.55322971678,41424.52730925541,878,0.11278104140194696,62,0.07601482736040135,35,83,3.662799033317371
2024-11-30,North,C,Online,Team3,108382.45390208183,78932.21012825338,29450.24377382845,1231,0.12417819195245644,196,0.02656894196413964,16,122,3.7272204842483756
2024-11-30,North,C,Retail,Team1,109595.60213554438,76410.55221772905,33185.049917815326,1450,0.10026054576210153,178,0.06040518373468595,38,131,3.630594814585259
2024-11-30,North,C,Retail,Team2,107755.1295943547,71229.88673754832,36525.24285680638,823,0.10725728457668114,149,0.07975961894604197,35,95,4.599334719111748
2024-11-30,North,C,Retail,Team3,110043.25088654461,76511.9441894357,33531.306697108914,1454,0.10877890947815655,91,0.0755038733868233,25,123,3.6347277444250343
2024-11-30,South,A,Online,Team1,163721.91264025148,104835.81278523456,58886.09985501692,965,0.1400697247518658,75,0.07881567246898995,35,127,4.4646291874436885
2024-11-30,South,A,Online,Team2,174327.1221613813,105420.31001348922,68906.81214789208,1236,0.12357828933235972,139,0.07394143895896903,15,136,3.6742323626146893
2024-11-30,South,A,Online,Team3,169319.2658251411,102534.15950833725,66785.10631680385,1339,0.14282726285654587,176,0.061350884625651,35,52,4.57319529397654
2024-11-30,South,A,Retail,Team1,163308.09305722127,117368.97239985513,45939.12065736613,1047,0.11794189487664658,118,0.03734902006724906,20,118,3.5648181903189133
2024-11-30,South,A,Retail,Team2,169632.0641471681,116430.16829783226,53201.89584933584,1405,0.10797606014600275,164,0.07762200647732781,20,136,3.8351120346651886
2024-11-30,South,A,Retail,Team3,163111.94496094112,115027.28314360965,48084.66181733148,1338,0.14525868187446805,152,0.055961515228148156,35,54,4.739311283861248
2024-11-30,South,B,Online,Team1,131415.85502668182,94977.10817804081,36438.74684864101,1459,0.12791047527485153,179,0.06593260218135216,35,119,3.9204757116302558
2024-11-30,South,B,Online,Team2,132671.23466437528,95906.0629584639,36765.17170591139,1312,0.09206704534736164,62,0.03278211919059585,25,74,3.6089282643127403
2024-11-30,South,B,Online,Team3,136296.7356403722,93736.66709789899,42560.06854247322,1004,0.08219398682012068,180,0.05733817874444157,29,80,3.7684947251636083
2024-11-30,South,B,Retail,Team1,133431.23986665971,94770.06148142226,38661.17838523745,960,0.08927294594393487,65,0.025368387368623235,21,126,4.609270238137363
2024-11-30,South,B,Retail,Team2,128820.41735343938,94195.40980178818,34625.0075516512,1448,0.0871324227780087,177,0.056970977912755835,37,145,4.525588151855627
2024-11-30,South,B,Retail,Team3,127965.57377747813,81264.99412202497,46700.579655453155,1124,0.09649777742031194,123,0.07242068207364492,26,67,4.6265743951741545
2024-11-30,South,C,Online,Team1,125027.85739100105,83034.91075269034,41992.94663831071,1273,0.12902435222065986,63,0.0548792611835032,10,74,3.7491727144793567
2024-11-30,South,C,Online,Team2,131247.7409479904,88091.07565948564,43156.66528850475,985,0.11749822793192208,69,0.055063755295367445,30,105,4.11347326373388
2024-11-30,South,C,Online,Team3,136043.41005417652,98603.07067705163,37440.339377124896,1329,0.12115316274263702,66,0.07506635914966638,15,148,4.285946343335715
2024-11-30,South,C,Retail,Team1,129831.17609301173,88176.70110179322,41654.47499121851,1001,0.1341217384222871,60,0.0383059812091716,35,110,4.098874629151491
2024-11-30,South,C,Retail,Team2,132430.9239578097,90418.12125251968,42012.802705290014,1323,0.10089451686524743,70,0.07793107509408598,13,66,3.7397657477595443
2024-11-30,South,C,Retail,Team3,120253.14122338788,81126.07170531571,39127.06951807217,1082,0.13316641041018606,115,0.024597344119532162,30,110,3.808828018938101
2024-11-30,East,A,Online,Team1,133803.94723576945,94788.76360975398,39015.18362601547,900,0.09434854629781375,75,0.0690980305663629,35,103,3.7386333484820127
2024-11-30,East,A,Online,Team2,142539.112500088,103075.43192145288,39463.68057863512,1342,0.10234577084503318,78,0.027598227531102464,26,63,4.140939162706443
2024-11-30,East,A,Online,Team3,146401.07727951414,99805.08428476633,46595.99299474781,836,0.1291679104756419,113,0.022282950698605454,31,135,3.567630881538281
2024-11-30,East,A,Retail,Team1,142005.75128241177,87624.20943525672,54381.54184715505,1034,0.1499622476741771,80,0.07191767355206147,16,149,4.445797355399185
2024-11-30,East,A,Retail,Team2,144084.8639501844,100865.86776706908,43218.99618311532,1476,0.13294170678862058,163,0.031699804251261184,21,51,4.306723901130496
2024-11-30,East,A,Retail,Team3,138262.42763174308,96196.43103162426,42065.996600118815,1013,0.14532350419343126,72,0.07096786579571332,28,124,4.112718332336589
2024-11-30,East,B,Online,Team1,111606.88159540729,68558.6944316442,43048.1871637631,917,0.1082538126688928,186,0.07677121363947567,21,125,3.7254148860679552
2024-11-30,East,B,Online,Team2,107607.30849788524,76263.24144017056,31344.06705771468,1211,0.12759801970625634,74,0.06460117373420074,20,64,3.676873104761136
2024-11-30,East,B,Online,Team3,108619.88675722216,70078.98077738726,38540.905979834904,950,0.10606149690011335,53,0.023700475017257448,17,58,3.7661352901349985
2024-11-30,East,B,Retail,Team1,111343.59263652336,76267.8807594743,35075.71187704906,1460,0.08995269634711461,146,0.04759890018068605,26,130,4.58737165858896
2024-11-30,East,B,Retail,Team2,125384.30185090253,85792.85140146074,39591.45044944179,1411,0.12001752148448169,115,0.039129039372380284,32,78,3.773153108722279
2024-11-30,East,B,Retail,Team3,116800.57950090159,72118.48967206679,44682.089828834796,955,0.1072661218161786,119,0.03783284683070576,15,76,3.6893172407170503
2024-11-30,East,C,Online,Team1,114968.9110726522,82480.05931591796,32488.85175673425,846,0.08015289000000742,73,0.03460655700592464,21,125,3.7720978985844713
2024-11-30,East,C,Online,Team2,116869.57192605727,71393.09097626776,45476.480949789504,1179,0.08008876538408431,188,0.0590153042656197,12,142,4.704665220052931
2024-11-30,East,C,Online,Team3,100072.01842048993,71885.91069856971,28186.107721920212,1447,0.11475607955614234,102,0.0440582196013011,36,149,4.504692108454455
2024-11-30,East,C,Retail,Team1,109122.14552761712,78619.84073465191,30502.30479296521,1085,0.11641362254067199,112,0.0424011896619099,34,86,4.537989556566547
2024-11-30,East,C,Retail,Team2,105492.52446552923,69098.47766647408,36394.046799055155,1275,0.08330574135463284,102,0.02728231547291718,13,131,3.961410561258421
2024-11-30,East,C,Retail,Team3,113016.86586473661,76340.27938312772,36676.58648160889,1467,0.08027719601085,157,0.030469909183877313,19,69,3.706906809191979
2024-11-30,West,A,Online,Team1,102183.15996204338,67298.24100688445,34884.91895515894,1254,0.08663944352772093,155,0.06375265691005119,18,97,4.0397023788745035
2024-11-30,West,A,Online,Team2,98072.26794605842,61332.47982084238,36739.78812521604,972,0.1358194387759165,165,0.025485576131702554,34,68,4.659435069010932
2024-11-30,West,A,Online,Team3,102368.1017573996,63196.010091060605,39172.091666339,1123,0.11849138448093473,77,0.059809420707722605,24,127,3.780101779458449
2024-11-30,West,A,Retail,Team1,101217.93483020476,62559.999085893025,38657.93574431173,821,0.09096289704248549,154,0.04772236057037334,25,51,3.5661094507265676
2024-11-30,West,A,Retail,Team2,105323.14999674547,77404.81768038118,27918.332316364293,1178,0.10450048079312252,160,0.023937565290669052,10,123,4.268126147613649
2024-11-30,West,A,Retail,Team3,111654.33665347038,77924.59084339377,33729.74581007661,1243,0.12247550270749358,55,0.03169656613820959,17,68,4.16155083172652
2024-11-30,West,B,Online,Team1,81691.68381318222,54461.07981606853,27230.603997113685,1368,0.08596005455892575,186,0.028567138200073082,12,120,4.433231754717507
2024-11-30,West,B,Online,Team2,79452.39759153407,59501.41051519924,19950.98707633483,1080,0.10056561294580292,95,0.02106283103656334,25,57,3.528210123858204
2024-11-30,West,B,Online,Team3,77184.13322130324,52858.82263820356,24325.310583099686,1220,0.10633333281387355,89,0.04177194901970621,24,66,4.655234747987472
2024-11-30,West,B,Retail,Team1,84573.16447620669,56882.00715033813,27691.157325868553,1173,0.09886076124125585,58,0.040531184345519444,26,142,4.230532542991211
2024-11-30,West,B,Retail,Team2,79699.38227453451,56008.81365892344,23690.568615611068,914,0.11566562112569413,114,0.024603403967361367,24,95,4.07503609546528
2024-11-30,West,B,Retail,Team3,81250.48469561101,56899.76584233614,24350.71885327487,1032,0.10860896935896537,61,0.07228931250544329,26,98,4.772595422955869
2024-11-30,West,C,Online,Team1,75211.87756689712,49882.52365794458,25329.353908952544,1159,0.1090103832877832,167,0.04764273028089652,39,61,3.82170187560309
2024-11-30,West,C,Online,Team2,78941.70211304427,55005.444957094274,23936.25715595,1214,0.12447995444920804,136,0.04506251401837855,25,56,3.855766300397895
2024-11-30,West,C,Online,Team3,82785.58920275587,58484.753933298336,24300.835269457537,902,0.11627440125277647,177,0.02892852287109056,16,111,4.75894486965053
2024-11-30,West,C,Retail,Team1,83924.12639311817,57159.28749359264,26764.838899525537,1032,0.1443744435619652,126,0.0604165899198017,13,138,4.105443250967747
2024-11-30,West,C,Retail,Team2,81570.37759525614,54515.10136068342,27055.276234572724,1083,0.1360561881584967,192,0.02985622696735568,24,82,4.57926374964949
2024-11-30,West,C,Retail,Team3,74503.02618902845,52122.453776050424,22380.57241297802,822,0.14548661159311999,161,0.060647801254398406,34,126,4.4335322593428295
2024-12-31,North,A,Online,Team1,147317.26512593552,89576.93509023666,57740.33003569886,1188,0.0921570145868038,92,0.021670463075755177,12,96,4.097499177252804
2024-12-31,North,A,Online,Team2,144848.8719339519,100565.03530035024,44283.83663360165,1378,0.1494282254724541,86,0.06999149958712723,31,57,4.037765180658169
2024-12-31,North,A,Online,Team3,148440.29407446657,111121.87132896585,37318.42274550072,1037,0.11487325094217854,185,0.046436186843550484,19,113,4.647173548751856
2024-12-31,North,A,Retail,Team1,149655.40250201407,94361.72202586435,55293.68047614972,819,0.14721526506679772,68,0.051362567244056065,17,87,4.037852766854429
2024-12-31,North,A,Retail,Team2,149508.77114509884,94376.16357743401,55132.60756766483,1243,0.1399600392078335,194,0.027536936789374154,16,91,4.651698748776452
2024-12-31,North,A,Retail,Team3,140085.38833879106,100334.6563999395,39750.73193885156,902,0.1333354063020168,55,0.07930223400329427,20,84,3.9372494447302566
2024-12-31,North,B,Online,Team1,106553.78155552951,75601.98881363173,30951.792741897778,1455,0.1336794228472441,145,0.049573777135076165,29,135,4.455190354761948
2024-12-31,North,B,Online,Team2,111971.30704839632,71417.71747398374,40553.58957441259,1432,0.11606345582967495,141,0.0570719992647222,29,54,3.9922764729646185
2024-12-31,North,B,Online,Team3,116152.93870492146,74089.34336165678,42063.59534326468,1490,0.09387443856648638,86,0.05235162764763886,20,82,3.5826818672911367
2024-12-31,North,B,Retail,Team1,116015.19489381232,79209.74500213307,36805.44989167925,833,0.08347154557540604,171,0.04582059042134435,39,72,4.678649286037598
2024-12-31,North,B,Retail,Team2,113260.32005075809,74848.89386024632,38411.426190511775,1011,0.10431019320139884,93,0.06146635220323107,39,66,4.732658058765987
2024-12-31,North,B,Retail,Team3,104953.92734758412,70635.32153331988,34318.60581426424,1311,0.08387518718568866,157,0.04139653477246316,39,108,4.73057814461184
2024-12-31,North,C,Online,Team1,106545.38703977574,71104.39680673726,35440.99023303848,1178,0.11829440936429095,83,0.06522609212270314,26,103,4.474498569704105
2024-12-31,North,C,Online,Team2,114596.25491527669,81264.15281046416,33332.102104812526,1122,0.11377451423693641,113,0.020602818863289896,15,65,4.13872956148577
2024-12-31,North,C,Online,Team3,110329.0989466154,73220.5468558663,37108.5520907491,1488,0.0993868232687227,187,0.062359115963049105,32,50,4.005277175872235
2024-12-31,North,C,Retail,Team1,113596.79372818946,75718.53550018293,37878.258228006525,1427,0.10602857491964936,74,0.02871350119491494,19,130,4.751845393043219
2024-12-31,North,C,Retail,Team2,111954.96873885306,81297.90261505263,30657.066123800425,1128,0.08593363080984333,190,0.07127092615464498,19,88,3.768636140359217
2024-12-31,North,C,Retail,Team3,111212.74128995156,81309.4554543001,29903.285835651463,1089,0.1359357502040368,177,0.05783336185455172,11,64,4.198208492267135
2024-12-31,South,A,Online,Team1,176620.7389447406,118469.2110819916,58151.52786274899,815,0.12733101334174118,86,0.07991364839513772,21,68,3.6040237506849833
2024-12-31,South,A,Online,Team2,179832.70067495908,117596.14446674008,62236.556208219,1028,0.11882343438478014,110,0.033226273093556837,34,132,4.370110041272552
2024-12-31,South,A,Online,Team3,172389.3347087965,119128.95458037473,53260.38012842176,1497,0.1479388269509947,106,0.07803968668120818,37,79,4.14327373708071
2024-12-31,South,A,Retail,Team1,177849.7451998427,109007.20636657962,68842.53883326308,926,0.1270383296548936,55,0.028666189049304656,37,60,3.934336047712532
2024-12-31,South,A,Retail,Team2,185655.87126251325,111630.11086473805,74025.7603977752,1265,0.08181272491746396,80,0.04197718317239133,32,142,3.8681848089525674
2024-12-31,South,A,Retail,Team3,176151.11196703473,128979.87870091696,47171.233266117764,1456,0.10264672296159265,51,0.05461616740069038,14,53,3.963052126499793
2024-12-31,South,B,Online,Team1,135748.4159314513,89318.30169751936,46430.11423393195,1400,0.13232590794077337,63,0.03016534412559482,26,70,4.767200796446537
2024-12-31,South,B,Online,Team2,142007.15049633244,102790.52876945816,39216.62172687428,1431,0.09894785230112117,57,0.054135284350682975,34,68,4.724477263438546
2024-12-31,South,B,Online,Team3,131155.30280484268,91857.64906674942,39297.65373809326,1357,0.10377848329357109,190,0.022948903420710622,35,126,4.527667689793742
2024-12-31,South,B,Retail,Team1,134069.04396970532,89570.70039407264,44498.34357563268,951,0.1286583871162037,164,0.0712639707995408,39,148,3.8540100163354074
2024-12-31,South,B,Retail,Team2,131346.12551988475,96948.34417095265,34397.7813489321,1200,0.11124482056009481,134,0.055783615981547685,29,113,4.549239126415366
2024-12-31,South,B,Retail,Team3,130449.19593174891,88508.85812855308,41940.33780319583,1001,0.0980874853509259,173,0.0522115487901571,33,125,3.9008577581790584
2024-12-31,South,C,Online,Team1,134801.9669750904,85892.02089676724,48909.94607832318,933,0.1270978121990659,71,0.05976714396461981,34,128,4.152208915808352
2024-12-31,South,C,Online,Team2,135521.43926692137,96060.33710975833,39461.10215716304,975,0.11671504019532836,155,0.06603024310694365,23,85,3.8715938832624324
2024-12-31,South,C,Online,Team3,131970.051418811,93895.92236848253,38074.12905032847,1254,0.10884124172661594,101,0.0529595819111609,22,67,4.732222474598789
2024-12-31,South,C,Retail,Team1,130137.9736490684,79435.65638614548,50702.31726292292,927,0.12267823428746977,59,0.04698823944226572,15,64,4.5323749302519545
2024-12-31,South,C,Retail,Team2,137860.2848286986,88251.29794590795,49608.98688279066,1420,0.1429017837398279,187,0.03137333051221643,34,99,4.060223737473825
2024-12-31,South,C,Retail,Team3,132933.47682310682,83708.2707799082,49225.20604319862,1393,0.10244339345851587,137,0.045735137569622615,29,147,4.177525842387599
2024-12-31,East,A,Online,Team1,146476.19068592569,95773.4741557912,50702.71653013448,1266,0.10427031328651379,197,0.06775790537603645,30,137,3.5946988868087595
2024-12-31,East,A,Online,Team2,152660.23441002175,112952.68978735126,39707.54462267048,1203,0.09063861277318358,79,0.03674864799333827,33,63,4.635304135235047
2024-12-31,East,A,Online,Team3,153998.05954303726,104483.63326960275,49514.42627343451,1237,0.11887070777297269,129,0.035661703492150885,10,124,4.623723883352717
2024-12-31,East,A,Retail,Team1,150736.96324329157,97437.16958160767,53299.7936616839,964,0.11707008764988724,103,0.04235942779364883,37,78,4.206529757157918
2024-12-31,East,A,Retail,Team2,147686.04260675094,106405.10854240347,41280.93406434747,1225,0.13186182447053899,164,0.041532121459631526,38,51,3.895880145896798
2024-12-31,East,A,Retail,Team3,138902.2479418029,83859.30516159906,55042.94278020384,1107,0.09590453744824032,71,0.04756076061036936,26,50,4.708898292089364
2024-12-31,East,B,Online,Team1,121068.4945866568,89044.79339863936,32023.70118801744,1251,0.11487391036931797,199,0.03309639192688962,19,92,3.516351156232054
2024-12-31,East,B,Online,Team2,113811.25141584862,70915.16317920992,42896.088236638694,847,0.11064470341097339,56,0.048116108607290584,25,50,4.652893173681089
2024-12-31,East,B,Online,Team3,112542.7295131961,68119.13728490948,44423.59222828662,991,0.08627565618649753,111,0.021037282685801795,38,82,4.615093389521839
2024-12-31,East,B,Retail,Team1,113441.25308992449,76132.16189036687,37309.09119955762,1499,0.09565217838265698,181,0.05986703942559557,22,138,3.7312437340988174
2024-12-31,East,B,Retail,Team2,110273.80329636103,68527.1062051389,41746.69709122213,1369,0.08792704161478739,77,0.05835772835992745,16,59,4.792933533689882
2024-12-31,East,B,Retail,Team3,115856.9655107155,81317.19513181338,34539.77037890212,1499,0.13233179896696096,118,0.03724415203072895,31,113,3.8955998693671234
2024-12-31,East,C,Online,Team1,117127.35272657237,80331.47602865357,36795.87669791879,990,0.11256438031851698,174,0.03682730388560332,28,109,3.7132826647449355
2024-12-31,East,C,Online,Team2,110082.9500635398,70758.89730922862,39324.05275431118,968,0.1180820975706203,63,0.051206924870143666,30,128,3.8435896786058814
2024-12-31,East,C,Online,Team3,111491.53854194147,80385.72018530677,31105.8183566347,1007,0.09153116272567433,100,0.03723546169262406,19,78,3.9065272836838956
2024-12-31,East,C,Retail,Team1,101777.11884444708,70045.20709728303,31731.91174716405,1478,0.10485106862953728,88,0.05313928984245668,24,53,3.8567352373004877
2024-12-31,East,C,Retail,Team2,117819.83936830433,87325.96823184063,30493.8711364637,909,0.13954061381146196,147,0.04461756817663679,19,103,3.6624435359092233
2024-12-31,East,C,Retail,Team3,108550.5363493016,66865.25106468037,41685.28528462123,932,0.11271711348135477,77,0.0776966865352668,25,66,4.184862315865537
2024-12-31,West,A,Online,Team1,107273.79577793392,71335.74827172807,35938.047506205854,1392,0.13176322577188793,59,0.06945607915537247,22,108,3.7335540555879
2024-12-31,West,A,Online,Team2,100737.76665697126,61950.153693693486,38787.612963277774,1278,0.0808975154657424,69,0.06845217532387958,11,86,3.571128427283732
2024-12-31,West,A,Online,Team3,111876.784656006,77154.92713403453,34721.85752197147,1014,0.13601068538742253,83,0.07851467211703751,39,71,3.7798497595215848
2024-12-31,West,A,Retail,Team1,108522.26017108824,78316.79121823446,30205.468952853786,1343,0.0949476234518766,50,0.0443000659152529,25,99,3.6157126553648116
2024-12-31,West,A,Retail,Team2,112436.48663506951,82710.19650650486,29726.29012856465,913,0.10732015360641955,172,0.060226799916950555,20,69,4.261285418191359
2024-12-31,West,A,Retail,Team3,108340.97989278687,74614.73139743123,33726.24849535564,977,0.08848088228826897,159,0.03161742858772765,19,117,4.159761822810131
2024-12-31,West,B,Online,Team1,88570.95155274426,58880.886226174,29690.065326570257,1158,0.14358870750879987,119,0.039620406109766124,20,129,3.857747275305518
2024-12-31,West,B,Online,Team2,81770.2416100414,60218.7135389988,21551.528071042594,927,0.10592051465089225,105,0.07454033533014218,28,80,3.6010261439092432
2024-12-31,West,B,Online,Team3,73786.18911204975,48619.62822540881,25166.56088664094,943,0.09066031729473586,126,0.05018435601629655,22,80,4.306001733520631
2024-12-31,West,B,Retail,Team1,84807.45429398895,55212.489484146725,29594.964809842226,1255,0.09994392767867051,161,0.03157037653653474,31,89,4.415428223053096
2024-12-31,West,B,Retail,Team2,83583.81062677194,60863.07815537088,22720.73247140106,1069,0.09448103127956015,94,0.07051901168349357,12,115,4.357164603462497
2024-12-31,West,B,Retail,Team3,79272.76382066506,53636.146034396115,25636.617786268944,1084,0.14510037644537507,63,0.049504276581139366,31,80,4.548720150068579
2024-12-31,West,C,Online,Team1,75966.59279337959,47854.07202771028,28112.52076566931,935,0.12503588075488323,135,0.03385875863168382,26,63,4.606935936140511
2024-12-31,West,C,Online,Team2,81142.02968721198,54564.764153581935,26577.265533630045,1476,0.08407522584527377,69,0.03292155697127651,24,124,4.481578539261037
2024-12-31,West,C,Online,Team3,85074.81090326131,52306.63118151655,32768.17972174476,893,0.14540875561998504,140,0.03261657067411168,29,117,4.214257195975071
2024-12-31,West,C,Retail,Team1,93328.63113115597,65183.22236283727,28145.408768318703,1315,0.12544077753816107,126,0.06331898881709869,35,126,4.165067793840514
2024-12-31,West,C,Retail,Team2,80162.56421920803,54943.43713039713,25219.1270888109,1377,0.11485640148075847,107,0.055578962058045925,23,133,3.5941062177436036
2024-12-31,West,C,Retail,Team3,82877.93088283982,53336.52602645242,29541.404856387402,951,0.08955521084585075,190,0.06265365982763249,24,65,4.478545279173769
